TRANSTEXT 7.1.997.12		
PRIMARY_LANGID 0		
"English Text	Translated Text	Item Type"		
NEED_TRANSLATION		
"% Complete:\t	""""	""text"""		
"%0.1f Kb downloaded so far (%0.1f Kb remaining)	""""	""text"""		
"%s (Custom)	""""	""text"""		
"%s (Custom, Relative)	""""	""text"""		
"%s (Delay loaded)	""""	""text"""		
"%s - %d task(s)	""""	""text"""		
"%s [%s]	""""	""text"""		
"'%s' contained no tasks which could be imported.	""""	""text"""		
"'%s' could not be checked out.\n\nPlease check that it has not been moved or deleted and that you have the required access rights.	""""	""text"""		
"'%s' could not be checked out\nbecause it is currently checked out to '%s'	""""	""text"""		
"'%s' could not be found.	""""	""text"""		
"'%s' could not be opened (%d).\n\nPlease check that the file exists and that you have the appropriate access rights before trying again.	""""	""text"""		
"'%s' could not be opened because access to the file was denied.\n\nPlease check that you have the required permissions and try again.	""""	""text"""		
"'%s' could not be opened because another user\n(or application) is currently accessing the file.\n\nPlease try again in a moment.	""""	""text"""		
"'%s' could not be opened because it contains \nmalformed XML that the MSXML component could not interpret.	""""	""text"""		
"'%s' could not be opened because it is encrypted and you do not have the encryption component installed.\n\nPlease contact AbstractSpoon Software for more information.	""""	""text"""		
"'%s' could not be opened because the method of encryption could not be determined.	""""	""text"""		
"'%s' could not be opened because the network location is not currently accessible.	""""	""text"""		
"'%s' could not be opened due to an unexpected error (%d).	""""	""text"""		
"'%s' could not be opened for importing.\n\nCheck that you have the necessary permissions and that the file is not open in another application.	""""	""text"""		
"'%s' could not be saved because access to the file was denied.\n\nPlease select another filename.	""""	""text"""		
"'%s' could not be saved because another user\n(or application) is currently accessing the file.\n\nPlease try again in a moment.	""""	""text"""		
"'%s' could not be saved because the file is read-only.\n\nPlease select another filename.	""""	""text"""		
"'%s' could not be saved due to an unexpected error (%d).	""""	""text"""		
"'%s' could not be saved due to insufficient disk space.\n\nPlease select another filename.	""""	""text"""		
"'%s' does not appear to be a valid tasklist.	""""	""text"""		
"'%s' has no tasks due by the end of next month	""""	""text"""		
"'%s' has no tasks due by the end of next week	""""	""text"""		
"'%s' has no tasks due by the end of this month	""""	""text"""		
"'%s' has no tasks due by the end of this week	""""	""text"""		
"'%s' has no tasks due by today	""""	""text"""		
"'%s' has no tasks due by tomorrow	""""	""text"""		
"'%s' must be checked out before it can be saved.	""""	""text"""		
"'Bar' colour for tasks having no colour	""""	""checkbox"""		
"'Stack' comments above (or left of) edit fields	""""	""checkbox"""		
"'Stack' edit fields and comments when they occupy the same position (left, right or below)	""""	""checkbox"""		
"'{0}' appears in {1} task(s)	""""	""tooltip"""		
"(Note: You should only use this option if you are certain that the incoming tasks will have the correct task IDs)	""""	""label"""		
"(completed: %s)	""""	""text"""		
"(paused)	""""	""text"""		
"- Fixed Columns -	""""	""combobox"""		
"...maps to Task Attribute	""""	""sysheader32"""		
"0 (zero) is not a valid task ID	""""	""text"""		
"1 month	""""	""combobox"""		
"12 months / 1 year	""""	""combobox"""		
"2 months	""""	""combobox"""		
"3 months	""""	""combobox"""		
"3rd Party Storage %d	""""	""menu"""		
"3rd Party Storage	""""	""menu"""		
"4 months	""""	""combobox"""		
"5 months	""""	""combobox"""		
"6 months	""""	""combobox"""		
"9 months	""""	""combobox"""		
"< Back	""""	""button"""		
"<New Column>	""""	""text"""		
"<Tasklist Attached>	""""	""text"""		
"<filepath>\tOpens/selects the specified tasklist\n-m <filepath>\tImports the specified file\n-f <filepath2>[|<filepath3>|<filepath4>]\tAllows additional tasklists to be opened\n-v\tForces ToDoList to startup visible regardless of its last saved state\n-i <inipath>\tSpecifies an alternative settings file path\n-x\tTurns off password prompting except when first loading an encrypted tasklist\n-cmd <id>\tSends the specified command to ToDoList's main window\n-h, -help, -?\tThis messagebox\n	""""	""text"""		
"<multiple formats>	""""	""text"""		
"<no such task>	""""	""text"""		
"<specific date>	""""	""text"""		
"A connection to '%s' could not be established.\n\nWould you like to check your details and try again?	""""	""text"""		
"A task with an ID of '%d' could not be found in the active tasklist	""""	""text"""		
"AaBbYyZz	""""	""label"""		
"Accumulated	""""	""combobox"""		
"Active Tasks	""""	""text"""		
"Active tasklist only	""""	""radiobutton"""		
"Actual Work	""""	""text"""		
"Add Dependency	""""	""tooltip"""		
"Add Tasklist to Source Control	""""	""menu"""		
"Adjusted	""""	""text"""		
"After completing a task, set its 'Status' to	""""	""checkbox"""		
"All Files (*.*)	""""	""combobox"""		
"All Files (*.*)|*.*||	""""	""text"""		
"All tasklists	""""	""radiobutton"""		
"Alloc By	""""	""sysheader32"""		
"Allocated By:\t	""""	""text"""		
"Allocated To:\t	""""	""text"""		
"Allow editing of task references	""""	""checkbox"""		
"Alpha Release	""""	""text"""		
"Always on Top	""""	""tooltip"""		
"Always prompt me to choose	""""	""checkbox"""		
"Always show 'Backlog' column	""""	""checkbox"""		
"Always show all available fields	""""	""radiobutton"""		
"Always show all fields	""""	""radiobutton"""		
"Analyse Logged Time	""""	""dialog"""		
"Analyse Logged Time...	""""	""menu"""		
"And/Or	""""	""sysheader32"""		
"Append the following text when pasting the 'Date/Time'	""""	""checkbox"""		
"Append the user's 'Created By' name when pasting the 'Date/Time'	""""	""checkbox"""		
"Application	""""	""label"""		
"Apply changes to	""""	""groupbox"""		
"Are you sure you want to delete all the tasks in this tasklist?	""""	""text"""		
"Are you sure you want to delete the application folder and its entire contents?	""""	""text"""		
"Are you sure you want to delete the selected task(s)?	""""	""text"""		
"Are you sure you want to export all open tasklists to '%s'?	""""	""text"""		
"Are you sure you want to export the active tasklist to '%s'?	""""	""text"""		
"Attribute Value(s)	""""	""sysheader32"""		
"Attribute Visibility	""""	""dialog"""		
"Attribute to 'track'	""""	""label"""		
"Automatic	""""	""text"""		
"Automatically generate columns from task attribute values	""""	""radiobutton"""		
"Background Colour	""""	""tooltip"""		
"Backing-up installation folder...	""""	""text"""		
"Backlog	""""	""sysheader32"""		
"Backwards By	""""	""menu"""		
"Bar Visibility	""""	""menu"""		
"Bcc	""""	""text"""		
"Before you can download updates you need to install the Web Update Wizard component (and then try again).\n\nWould you like to download the Web Update Wizard now?	""""	""text"""		
"Before you can spell check for the first time you need \nto specify the location of the Spell Checker.	""""	""text"""		
"Beta Release	""""	""text"""		
"Billing Info	""""	""text"""		
"Body	""""	""label"""		
"Bold	""""	""menu"""		
"  ""Bold""	""""	""tooltip"""		
"Breakdown	""""	""groupbox"""		
"Bullet List	""""	""tooltip"""		
"Burndown	""""	""combobox"""		
"By Day	""""	""radiobutton"""		
"By Month	""""	""radiobutton"""		
"By Task	""""	""radiobutton"""		
"By Week	""""	""radiobutton"""		
"Calculate missing 'Due' dates as	""""	""groupbox"""		
"Calculate missing 'Start' dates as	""""	""groupbox"""		
"Calendar Preferences	""""	""dialog"""		
"Category:\t	""""	""text"""		
"Cc	""""	""text"""		
"Centre Align	""""	""tooltip"""		
"Change...	""""	""button"""		
"Checkbox	""""	""text"""		
"Checked in (read-only)	""""	""text"""		
"Checked out	""""	""text"""		
"Checkin Tasklist	""""	""text"""		
"Checkout Tasklist for Editing	""""	""text"""		
"Clear	""""	""menu"""		
"Clipboard text	""""	""label"""		
"Close	""""	""button"""		
"Colour Scheme	""""	""label"""		
"Colour bar by task priority	""""	""checkbox"""		
"Column Name from File...	""""	""sysheader32"""		
"Column Visibility	""""	""sysheader32"""		
"Column count	""""	""label"""		
"Column width	""""	""label"""		
"Columns	""""	""label"""		
"Comment	""""	""label"""		
"Comments:\t	""""	""text"""		
"Companies	""""	""text"""		
"Completed:\t	""""	""text"""		
"Completion Checkbox	""""	""text"""		
"Confidential	""""	""text"""		
"Configure...	""""	""button"""		
"Confirm Addition	""""	""text"""		
"Confirm Delete	""""	""text"""		
"Confirm Export Folder	""""	""text"""		
"Confirm Overwrite	""""	""text"""		
"Confirm Reload	""""	""text"""		
"Control each field individually	""""	""radiobutton"""		
"Conversation Topic	""""	""text"""		
"Convert selected object between types\nConvert Object	""""	""text"""		
"Copy (More)	""""	""menu"""		
"Copy Formatting	""""	""menu"""		
"Copy Link	""""	""menu"""		
"Copy Tasklist Path	""""	""menu"""		
"Copy as HTML	""""	""menu"""		
"Copying updated files to installation folder...	""""	""text"""		
"Cost: %s	""""	""text"""		
"Cost:\t\t	""""	""text"""		
"Create Link to File	""""	""dialog"""		
"Create Reference to Task Here	""""	""menu"""		
"Create Task Dependency	""""	""dialog"""		
"Create Tasks From Outlook	""""	""dialog"""		
"Created by	""""	""label"""		
"Creation Time	""""	""text"""		
"Current Folder	""""	""label"""		
"Current folder	""""	""label"""		
"Currently assigned to:\n\n'%s'	""""	""text"""		
"Custom Attribute (List)	""""	""text"""		
"Custom Attribute	""""	""combobox"""		
"Custom Task Attributes	""""	""dialog"""		
"Custom Task Attributes...	""""	""menu"""		
"D\t(days)	""""	""text"""		
"Date prompt	""""	""text"""		
"Date/Time Formatting	""""	""label"""		
"Day View	""""	""systabcontrol32"""		
"Days Remaining	""""	""combobox"""		
"Days, narrow	""""	""combobox"""		
"Days, wide	""""	""combobox"""		
"Decades \t\t\t(eg, 2000-2009)	""""	""text"""		
"Decades start on year '1' instead of year '0'. eg. '2001' instead of '2000'	""""	""checkbox"""		
"Decrease Font Size	""""	""tooltip"""		
"Decrease Indent	""""	""menu"""		
"  ""Decrease Indent""	""""	""tooltip"""		
"Decrease	""""	""menu"""		
"Decrement Font Size	""""	""menu"""		
"Default Attribute Visibility for New Tasklists	""""	""label"""		
"Default Tags	""""	""label"""		
"Default Task View Visibility	""""	""label"""		
"Default Versions	""""	""label"""		
"Default data	""""	""label"""		
"Defaults	""""	""button"""		
"Delegator	""""	""text"""		
"Delete Dependency	""""	""tooltip"""		
"Delete Task Dependency	""""	""dialog"""		
"Dependency:\t	""""	""text"""		
"Dependents:\t	""""	""text"""		
"Development Preview	""""	""text"""		
"Dictionaries (*.dic)	""""	""combobox"""		
"Dictionaries (*.dic)|*.dic||	""""	""text"""		
"Display 'Alloc To' after task's gantt bar	""""	""checkbox"""		
"Display 'Alloc To' column	""""	""checkbox"""		
"Display a task as 'Flagged' if any of its subtasks are flagged	""""	""checkbox"""		
"Display confirmation dialog for each period logged	""""	""checkbox"""		
"Display task 'Completion' dates	""""	""checkbox"""		
"Display task 'Due' dates	""""	""checkbox"""		
"Display task 'Start' dates	""""	""checkbox"""		
"Display tasks as continuous between their 'Start' and 'Due' dates	""""	""checkbox"""		
"Display the following attributes for each task	""""	""groupbox"""		
"Display the image file directly (currently supports bmp, ico, gif, jpg, png)	""""	""radiobutton"""		
"Display the image file directly\n(currently supports bmp, ico, gif, jpg, png)	""""	""radiobutton"""		
"Do you want to create a new recurring task or reuse the existing recurring task ?	""""	""label"""		
"Do you want to delete the existing column definitions?	""""	""text"""		
"Done!	""""	""text"""		
"Download Progress (%d%%)	""""	""text"""		
"Download Progress	""""	""dialog"""		
"Downloading '%s' from '%s'	""""	""text"""		
"Downloading latest update... %d%%	""""	""text"""		
"Due Date:\t	""""	""text"""		
"Due date - Current date	""""	""radiobutton"""		
"Due date	""""	""label"""		
"Dynamically adjust the height of tasks to ensure full visibility	""""	""checkbox"""		
"Edit Dependency	""""	""tooltip"""		
"Edit Field Visibility	""""	""sysheader32"""		
"Edit Task Dependency	""""	""dialog"""		
"Edit Tool Name	""""	""tooltip"""		
"Embed a copy of the file which can be viewed by double-clicking the icon	""""	""radiobutton"""		
"Embed a link to the file which allows the original file to be edited and automatically updated	""""	""radiobutton"""		
"Enable sorting by clicking on column headers	""""	""checkbox"""		
"Enable support for Right-to-Left (RTL) user input	""""	""checkbox"""		
"End Date	""""	""text"""		
"End Time	""""	""text"""		
"End after	""""	""checkbox"""		
"Entry ID	""""	""text"""		
"Error	""""	""menu"""		
"Expiry Time	""""	""text"""		
"Export Tasklist As	""""	""text"""		
"Export Tasks To CSV	""""	""text"""		
"Export Tasks to iCalendar	""""	""dialog"""		
"Export tasks as 'event' items	""""	""radiobutton"""		
"Export tasks as 'to-do' items	""""	""radiobutton"""		
"External ID:\t	""""	""text"""		
"Features	""""	""label"""		
"File Actions>Switching Tasklists	""""	""text"""		
"File Checking	""""	""label"""		
"File Link Preferences	""""	""dialog"""		
"File Link:\t	""""	""text"""		
"File Linking	""""	""label"""		
"File Timestamp Change	""""	""text"""		
"File name	""""	""label"""		
"File prompt	""""	""text"""		
"Files of type	""""	""label"""		
"Filter Bar Visibility	""""	""sysheader32"""		
"Filter Bar	""""	""menu"""		
"Filter	""""	""text"""		
"Finish	""""	""button"""		
"Fixed column definitions: (optional)	""""	""groupbox"""		
"Flag Request	""""	""text"""		
"Flagged	""""	""text"""		
"Folder prompt	""""	""text"""		
"Folder	""""	""text"""		
"Font Dialog	""""	""tooltip"""		
"Forwards By	""""	""menu"""		
"From	""""	""radiobutton"""		
"Gantt Preferences	""""	""tooltip"""		
"Go To Task	""""	""dialog"""		
"Go To Task...	""""	""menu"""		
"H\t(hours)	""""	""text"""		
"Hi %s, ToDoList is being updated	""""	""text"""		
"Hi %s, version %s is now available.	""""	""text"""		
"Hide Empty Columns	""""	""tooltip"""		
"Hide the splitter bar between the task titles and attribute columns	""""	""checkbox"""		
"Hide unflagged email items	""""	""checkbox"""		
"Hide zero '% Complete' (0%)	""""	""checkbox"""		
"Hide zero values	""""	""combobox"""		
"High	""""	""text"""		
"Highest	""""	""text"""		
"Horizontal Line	""""	""menu"""		
"Hours	""""	""text"""		
"If you reload the tasklist you will lose your current \nchanges.\n\nAre you sure you want to continue?	""""	""text"""		
"Images...	""""	""tooltip"""		
"Import Tasklist	""""	""text"""		
"Import Tasks From CSV	""""	""text"""		
"Import Tasks From Outlook	""""	""dialog"""		
"Import Tasks From Tasklist	""""	""dialog"""		
"Import Tasks from Outline	""""	""dialog"""		
"Import Tasks from Outlook	""""	""dialog"""		
"Import UDTs...	""""	""button"""		
"Import the first line as the project name	""""	""checkbox"""		
"Importance	""""	""text"""		
"Importing Csv File	""""	""dialog"""		
"Importing tasklist...	""""	""text"""		
"Include web link when pasting browser content	""""	""checkbox"""		
"Including 'Calculated Due' dates	""""	""checkbox"""		
"Including 'Calculated Start' dates	""""	""checkbox"""		
"Increase Font Size	""""	""tooltip"""		
"Increase Indent	""""	""menu"""		
"  ""Increase Indent""	""""	""tooltip"""		
"Increase	""""	""menu"""		
"Increment Font Size	""""	""menu"""		
"Indent subtasks at each level with	""""	""label"""		
"Info	""""	""menu"""		
"Inline Spell Checking	""""	""menu"""		
"Insert Table	""""	""dialog"""		
"  ""Insert Table""	""""	""tooltip"""		
"Insert	""""	""menu"""		
"Invalid Task ID	""""	""text"""		
"Italic	""""	""menu"""		
"  ""Italic""	""""	""tooltip"""		
"Justify	""""	""menu"""		
"  ""Justify""	""""	""tooltip"""		
"Kanban Board	""""	""systabcontrol32"""		
"  ""Kanban Board""	""""	""checklistbox"""		
"Kanban Preferences	""""	""dialog"""		
"Kanban	""""	""systabcontrol32"""		
"Keep a task's time estimate synchronised with its start and due dates (and vice versa)	""""	""checkbox"""		
"Language Change|Support for RTL user input will be changed next time you restart ToDoList.\n\nWould you like to restart ToDoList now?	""""	""text"""		
"Large Icons	""""	""menu"""		
"Last Modification Time	""""	""text"""		
"Last Modified By	""""	""menu"""		
"Last Modified Date	""""	""menu"""		
"Last Modified:\t	""""	""text"""		
"Left Align	""""	""tooltip"""		
"License	""""	""label"""		
"Link Options	""""	""groupbox"""		
"Link to the file using 'file://...'	""""	""radiobutton"""		
"Locate Spell Check Engine	""""	""text"""		
"Lock Task Attributes	""""	""menu"""		
"Lock	""""	""menu"""		
"Locked Tasks	""""	""text"""		
"Log Task Time	""""	""dialog"""		
"Logged Time Analysis|Please check that neither the log file nor the report file are open in another application.	""""	""text"""		
"Logged Time Analysis|The analysis completed successfully. Would you like to view the results?	""""	""text"""		
"Logged Time Analysis|There were no tasks found matching the specified time period.\n\nWould you like to try another time period?	""""	""text"""		
"Low	""""	""text"""		
"Low-Med	""""	""text"""		
"Lowest	""""	""text"""		
"MS Sans Serif	""""	""combobox"""		
"M\t(months)	""""	""text"""		
"Make Copy of Tool	""""	""tooltip"""		
"Make this list read-only	""""	""checkbox"""		
"Make this my automatic choice	""""	""checkbox"""		
"Manage edit/filter field visibility	""""	""groupbox"""		
"Match by task ID	""""	""radiobutton"""		
"Match by task title	""""	""radiobutton"""		
"Maximise Tasklist	""""	""menu"""		
"  ""Maximise Tasklist""	""""	""tooltip"""		
"Maximum	""""	""combobox"""		
"Med-High	""""	""text"""		
"Medium	""""	""text"""		
"Merge into active tasklist	""""	""radiobutton"""		
"Mileage	""""	""text"""		
"Milestone	""""	""text"""		
"Minimum	""""	""combobox"""		
"Modify Reminder...	""""	""menu"""		
"Modify Task Reminder	""""	""text"""		
"Months, mid \t\t(eg. Jan 2013)	""""	""combobox"""		
"Months, narrow \t\t(eg. 01/13)	""""	""combobox"""		
"Months, wide \t\t(eg. January 2013)	""""	""combobox"""		
"More Colours...	""""	""text"""		
"Move Column Down	""""	""tooltip"""		
"Move Column Up	""""	""tooltip"""		
"Move Tool Down	""""	""tooltip"""		
"Move Tool Up	""""	""tooltip"""		
"Name	""""	""sysheader32"""		
"Nearest Day	""""	""combobox"""		
"Nearest Half-Day	""""	""combobox"""		
"Nearest Half-Year	""""	""combobox"""		
"Nearest Hour	""""	""combobox"""		
"Nearest Month	""""	""combobox"""		
"Nearest Quarter	""""	""combobox"""		
"Nearest Week	""""	""combobox"""		
"Nearest Year	""""	""combobox"""		
"New Dependent Task Below Selected Task	""""	""menu"""		
"Next >	""""	""button"""		
"No Snapping	""""	""combobox"""		
"No custom attributes were imported.	""""	""text"""		
"No tasks were imported.	""""	""text"""		
"Not Yet Loaded	""""	""tooltip"""		
"Note: Using an ini file is great for portability and sharing preferences	""""	""label"""		
"Notification	""""	""text"""		
"Numbered List	""""	""tooltip"""		
"Offset Dates...	""""	""menu"""		
"Offset date(s) from today	""""	""checkbox"""		
"One Day	""""	""menu"""		
"One Month	""""	""menu"""		
"One Week	""""	""menu"""		
"One Weekday	""""	""menu"""		
"One Year	""""	""menu"""		
"One of the custom attributes being imported has the same unique ID as an existing attribute.\nWould you still like to import this item?\n\nClick 'Yes' to import it with a new ID, or 'No' to skip it.	""""	""text"""		
"One or more of the selected tasks has uncompleted subtasks.\n\nWould you also like to set those subtasks to be completed?	""""	""text"""		
"One or more plugins that provide enhanced comments functionality are out of date.\n\nClick OK to continue, in which case you may not be able to edit a task's comments, \nor click Cancel to close ToDoList, to allow you to update the plugins before restarting.	""""	""text"""		
"One or more selected tasks are dependent on other tasks that must be completed first.	""""	""text"""		
"One or more tasks could not be imported successfully.	""""	""text"""		
"Online Help	""""	""menu"""		
"  ""Online Help""	""""	""tooltip"""		
"Only show menu commands for visible columns/edit fields	""""	""checkbox"""		
"Open Tasklist|The file '%s' has a more recent file format than your \ncurrent version of ToDoList and you will therefore not be able to make any \nchanges to it.	""""	""text"""		
"Open Tasklist|The file '%s' is currently read-only \nand you will not be able to make any changes to it.	""""	""text"""		
"Open Url	""""	""menu"""		
"Open	""""	""button"""		
"Outlook field...	""""	""text"""		
"Outlook must be installed before 'outlook:' links will work.	""""	""text"""		
"Output	""""	""groupbox"""		
"Owner	""""	""text"""		
"Parent	""""	""checklistbox"""		
"Password Required	""""	""text"""		
"Paste (More)	""""	""menu"""		
"Paste (Normal)	""""	""menu"""		
"Paste Formatting	""""	""menu"""		
"Paste Simple (No formatting)	""""	""menu"""		
"Paste Tasks from Clipboard	""""	""dialog"""		
"Paste as Reference	""""	""menu"""		
"Period defining 'Recently Modified' tasks	""""	""label"""		
"Period	""""	""text"""		
"Permission	""""	""text"""		
"Pick a dependency to delete...	""""	""text"""		
"Pick a dependency to edit...	""""	""text"""		
"Pick the 'bar' of the new task on which the just picked task will be dependent...	""""	""text"""		
"Pick the 'bar' of the task on which the just picked task will be dependent...	""""	""text"""		
"Pick the 'bar' of the task you want to be dependent on another task...	""""	""text"""		
"Plain Text (.txt)|Text Files (*.txt)|*.txt||	""""	""text"""		
"Play	""""	""text"""		
"Please wait	""""	""text"""		
"Plugins Out of Date	""""	""text"""		
"Populate Columns	""""	""tooltip"""		
"Port	""""	""label"""		
"Preference Files (*.ini)	""""	""combobox"""		
"Preparing due task notifications...	""""	""text"""		
"Preparing print preview...	""""	""text"""		
"Printing tasklist(s)...	""""	""text"""		
"Priority:\t\t	""""	""text"""		
"Progress	""""	""label"""		
"Quarter Centuries \t(eg. 2000-2024)	""""	""text"""		
"Quarters, mid \t\t(eg. Jan-Mar 2013)	""""	""combobox"""		
"Quarters, narrow \t(eg. Q1 2013)	""""	""combobox"""		
"Quarters, wide \t\t(eg. January-March 2013)	""""	""combobox"""		
"Quick Task Find	""""	""text"""		
"Read-only Status Change	""""	""text"""		
"Read-only	""""	""text"""		
"Read-only: Checked in	""""	""text"""		
"Read-only: Newer format	""""	""text"""		
"Read-only: Under source control	""""	""text"""		
"Received By	""""	""text"""		
"Received Time	""""	""text"""		
"Recent Tasklist %d	""""	""menu"""		
"Recently modified	""""	""text"""		
"Record Bug Report...	""""	""menu"""		
"Reference task colour	""""	""checkbox"""		
"Regional Settings Change|The user interface will be updated next time you restart ToDoList.\n\nWould you like to restart ToDoList now?	""""	""text"""		
"Regular	""""	""combobox"""		
"Release Candidate	""""	""text"""		
"Remind me again at	""""	""radiobutton"""		
"Remind me again in	""""	""radiobutton"""		
"Reminder Time	""""	""text"""		
"Remote file name	""""	""label"""		
"Remove items from Outlook after importing	""""	""checkbox"""		
"Removing backup files...	""""	""text"""		
"Reply Recipient Names	""""	""text"""		
"Reserved Keyboard Shortcut	""""	""text"""		
"Resize Attribute Columns to Fit	""""	""menu"""		
"Restore Default Font Size	""""	""menu"""		
"Retry	""""	""button"""		
"Rich Text Preferences	""""	""dialog"""		
"Right Align	""""	""tooltip"""		
"Risk:\t\t	""""	""text"""		
"Row count	""""	""label"""		
"Run Tool Error	""""	""text"""		
"Save As (%s)	""""	""text"""		
"Save Task View to Image...	""""	""menu"""		
"Save Transformation As	""""	""text"""		
"Save	""""	""button"""		
"Schedule and Priority	""""	""text"""		
"Scroll To Today	""""	""tooltip"""		
"Select File to Download (%s)	""""	""text"""		
"Select File to which Task Refers	""""	""text"""		
"Select Reference Target Task	""""	""menu"""		
"Select Stylesheet	""""	""text"""		
"Select Task Dependencies	""""	""menu"""		
"Select Task Dependents	""""	""menu"""		
"Select Task References	""""	""menu"""		
"Select Tasklist	""""	""text"""		
"Select items to import	""""	""label"""		
"Selected Task Custom Attribute	""""	""menu"""		
"Selected Task Date Range	""""	""label"""		
"Sender Email	""""	""text"""		
"Sender	""""	""text"""		
"Sensitivity	""""	""text"""		
"Sent Date	""""	""text"""		
"Sent On Behalf Of	""""	""text"""		
"Server Busy	""""	""dialog"""		
"Set Task Dependency	""""	""menu"""		
"Show '% Complete' as progress on task's gantt bar	""""	""checkbox"""		
"Show 'Reminders' as dates and times	""""	""checkbox"""		
"Show Formatting Toolbar	""""	""menu"""		
"Show Ruler	""""	""menu"""		
"Show Tasklist in Explorer	""""	""menu"""		
"Show Time Tracker	""""	""menu"""		
"Show Time	""""	""text"""		
"Show a task's colour as a vertical bar	""""	""checkbox"""		
"Show checkbox beside task title when completion column is hidden	""""	""checkbox"""		
"Show close button on each tasklist tab	""""	""checkbox"""		
"Show comments as simple text	""""	""checkbox"""		
"Show empty columns	""""	""combobox"""		
"Show fields whose corresponding column is visible	""""	""radiobutton"""		
"Show parent tasks	""""	""checkbox"""		
"Show the Time-Tracker window whenever a task's time is tracked	""""	""checkbox"""		
"Show vertical mini calendar-bar	""""	""checkbox"""		
"Simple Source Control	""""	""label"""		
"Small Icons	""""	""menu"""		
"Snap Mode	""""	""label"""		
"Some tasks could not be imported from '%s'.	""""	""text"""		
"Some tasks could not be imported from the clipboard text.	""""	""text"""		
"Sort subtasks below their respective parent task	""""	""checkbox"""		
"Source Control Change(s)	""""	""text"""		
"Source Control	""""	""menu"""		
"Spell Checker	""""	""text"""		
"SpellChecker Engines|*.dll||	""""	""text"""		
"Spreadsheet (.csv)|Spreadsheets (*.csv)|*.csv||	""""	""text"""		
"Spreadsheet Files (*.csv)	""""	""combobox"""		
"Stable Release	""""	""text"""		
"Start Date:\t	""""	""text"""		
"Start Tracking	""""	""text"""		
"Start date	""""	""label"""		
"Started by	""""	""label"""		
"Static	""""	""label"""		
"Status Bar	""""	""menu"""		
"Status Change	""""	""text"""		
"Status:\t	""""	""text"""		
"Steps	""""	""groupbox"""		
"Stop Tracking	""""	""text"""		
"Stylesheet not found	""""	""label"""		
"Subject	""""	""text"""		
"Subscript	""""	""menu"""		
"Subtask Completion	""""	""checklistbox"""		
"  ""Subtask Completion""	""""	""menu"""		
"Subtasks are indented at each level with	""""	""label"""		
"Subtasks	""""	""text"""		
"Superscript	""""	""menu"""		
"Switch To...	""""	""button"""		
"Symbols...	""""	""tooltip"""		
"Synchronise a task's 'Completion' to changes in its 'Status'	""""	""checkbox"""		
"Table...	""""	""menu"""		
"Tags:\t\t\t	""""	""text"""		
"Task Attribute Visibility...	""""	""menu"""		
"Task Dialog	""""	""menu"""		
"Task Not Found	""""	""text"""		
"Task Occurs	""""	""groupbox"""		
"Task View Font	""""	""menu"""		
"Task View Tab Bar	""""	""menu"""		
"Task View Visibility %d	""""	""menu"""		
"Task View Visibility	""""	""menu"""		
"Task View	""""	""radiobutton"""		
"Task title	""""	""label"""		
"Task:\t\t	""""	""text"""		
"Tasklist Tab Colour	""""	""menu"""		
"Tasklist could not be printed	""""	""text"""		
"Tasks Not Started	""""	""text"""		
"Tasks>Defaults	""""	""text"""		
"Tasks>Defaults>Dynamic Droplists	""""	""text"""		
"Tasks>Defaults>Inheritable Attributes	""""	""text"""		
"Tasks>Defaults>Task Attributes	""""	""text"""		
"Text Colour	""""	""tooltip"""		
"Text Files (*.txt)	""""	""combobox"""		
"Text prompt	""""	""text"""		
"The application was successfully upgraded to the latest version.	""""	""text"""		
"The clipboard text contained no tasks which could be imported.	""""	""text"""		
"The clipboard text does not have a recognised format.	""""	""text"""		
"The confirmation did not match the password.\n\nPlease try again.	""""	""text"""		
"The earlier of the task's 'Due' date and 'Today'.	""""	""radiobutton"""		
"The file '%s' could not be imported into the registry.\n\nPlease check that it is a valid preference file and try again.	""""	""text"""		
"The file '%s' does not have a recognised format.	""""	""text"""		
"The file '%s' has been modified outside of ToDoList.	""""	""text"""		
"The file '%s' is read-only.\n\nPlease select another filename	""""	""text"""		
"The following files will be be overwritten by the export	""""	""text"""		
"The following tasklists have been checked in:\n\n%s	""""	""text"""		
"The following tasklists have been checked out:\n\n%s	""""	""text"""		
"The following tasklists have been reloaded:\n\n%s	""""	""text"""		
"The following tasks are currently time tracked:\n\n%s	""""	""text"""		
"The keyboard shortcut you have just used is now reserved for use by ToDoList.\n\nWould you like to change it to something else?	""""	""text"""		
"The later of the task's 'Start' date and 'Today'.	""""	""radiobutton"""		
"The log file could not be updated.\n\nPlease ensure that the file is not already open for editing and \nthat you have the correct permissions and then try again.	""""	""text"""		
"The output path '%s' could not be created.\n\nPlease specify an alternative location.	""""	""text"""		
"The selected folder contains no items	""""	""text"""		
"The selected preference file contains no tools.\n\nWould you like to try an alternative preference file?	""""	""text"""		
"The selected task contains one or more uncompleted subtasks.\n\nWould you also like to set those subtasks to be completed?	""""	""text"""		
"The selected task has circular dependencies that must be resolved before it can be completed.	""""	""text"""		
"The selected task is dependent on another task that must be completed first.\n\nWould you like to view the dependency?	""""	""text"""		
"The selected task's comments had no spelling errors	""""	""text"""		
"The selected task's title had no spelling errors	""""	""text"""		
"The selected tasklist did not contain any custom attributes.	""""	""text"""		
"The selected tasks have no dependents.	""""	""text"""		
"The selected tasks have no references.	""""	""text"""		
"The selected tasks include no task references.	""""	""text"""		
"The status of the file '%s' has changed \nfrom 'read-only' to 'writable'.	""""	""text"""		
"The status of the file '%s' has changed \nfrom 'writable' to 'read-only'.	""""	""text"""		
"The task's 'Creation' date	""""	""radiobutton"""		
"The task's 'Due' date	""""	""radiobutton"""		
"The task's 'Start' date	""""	""radiobutton"""		
"The tasklist '%s' contained specific characters that could not be saved. Typically these will be found in a task's comments having been copied and pasted from another application.\n\nYou will need to remove these characters before you can save your tasklist.	""""	""text"""		
"The tasklist '%s' could not be decrypted using the provided password.\n\nWould you like to try again?	""""	""text"""		
"The tasklist '%s' could not be found. \n\nPlease check that the full path has been provided and is correct.	""""	""text"""		
"The tasklist '%s' has been encrypted.\n\nPlease enter the required password below.	""""	""text"""		
"The tasklist '%s' has been modified \nsince you opened it or last saved your changes.\n\nIf you continue you will overwrite those changes.\n\nAre you sure you want to proceed?	""""	""text"""		
"The tasklist you are adding to is an archive. Are you sure this is your intention?	""""	""text"""		
"The tasklist you are deleting from is an archive. Are you sure this is your intention?	""""	""text"""		
"The tasks %s have circular dependencies that must be resolved before they can be completed.	""""	""text"""		
"The text '%s' was not found in any task or comment.	""""	""text"""		
"The tool '%s' could not be found.\n\nPlease check that it has not been moved or deleted and try again.	""""	""text"""		
"The tool '%s' could not be run.\n\nPlease check you have the required access rights and try again.	""""	""text"""		
"The uninstaller could not be run at this time.\n\nIf this was due to Windows SmartScreen, you may need to temporarily disable SmartScreen before trying again.	""""	""text"""		
"The uninstaller could not be run at this time.\n\nPlease try again after your next reboot.	""""	""text"""		
"The updater could not be run at this time.\n\nIf this was due to Windows SmartScreen, you may need to temporarily disable SmartScreen before trying again.	""""	""text"""		
"The updater could not be run at this time.\n\nPlease try again after your next reboot.	""""	""text"""		
"The updater was unable to detect an active Internet connection.	""""	""text"""		
"The user cancelled	""""	""text"""		
"The version of ToDoList specified in the tool (%d.%d) must be the same as the version of the running application (%d.%d).	""""	""text"""		
"There are no updates available at this time.	""""	""text"""		
"There is an earlier version of ToDoList already running.\n\nTo run the more recent version, you will need to close the earlier version first and then retry.	""""	""text"""		
"There was a problem accessing the dragged or copied files.\n\nPlease re-copy the files and perform the operation again.	""""	""text"""		
"This Month	""""	""radiobutton"""		
"This Week	""""	""radiobutton"""		
"This Year	""""	""radiobutton"""		
"This brief wizard will help you set up the application for the first time.	""""	""text"""		
"This shortcut is reserved. Please choose an alternative.	""""	""text"""		
"This task does not repeat.	""""	""label"""		
"Thumbnails	""""	""menu"""		
"Tiles	""""	""menu"""		
"Time Est:\t	""""	""text"""		
"Time Estimate : Spent	""""	""label"""		
"Time Period	""""	""groupbox"""		
"Time Spent (Hrs)	""""	""text"""		
"Time Spent:\t	""""	""text"""		
"Time Tracker	""""	""dialog"""		
"Time Tracking Reminder	""""	""text"""		
"Time estimate	""""	""label"""		
"Time spent	""""	""label"""		
"Timestamp Change	""""	""text"""		
"ToDoList Reminder	""""	""text"""		
"ToDoList Web Update	""""	""dialog"""		
"  ""ToDoList Web Update""	""""	""systabcontrol32"""		
"ToDoList has detected that some tasks have just become due.\n\nWould you like to refresh the current filter to make those tasks visible?	""""	""text"""		
"ToDoList has detected that some tasks have just recently started.\n\nWould you like to refresh the current filter to make those tasks visible?	""""	""text"""		
"ToDoList has detected that the handler for the 'outlook:' protocol \nhas not been installed.\n\nUntil the handler is installed, 'outlook:' links will not work correctly.\n\nDo you want to install the handler now?	""""	""text"""		
"ToDoList is closing tasklists and saving its settings.	""""	""text"""		
"ToDoList is saving its settings.	""""	""text"""		
"ToDoList requires version 3 or later of the msxml component.\n\nTo update your version of this component, Google for 'msxml 3.0 download', \nand follow the relevant installation instructions. Then try again.	""""	""text"""		
"ToDoList was unable to install the '.tdl' extension handler.\n\nYou may need to run ToDoList with administrator privileges to install the handler.\n\nOnce installed you can then revert to your original security settings.	""""	""text"""		
"ToDoList was unable to install the 'tdl://' protocol handler.\n\nYou may need to run ToDoList with administrator privileges to install the handler.\n\nOnce installed you can then revert to your original security settings.	""""	""text"""		
"ToDoList was unable to print the active tasklist via your default  browser, which may mean that your browser does not support the 'print' command.\n\nPlease see your browser help for more information.	""""	""text"""		
"Tool '%s' will be run using the following commandline arguments:\n\n%s\n\nDo you want to continue?	""""	""text"""		
"Tool Version Error	""""	""text"""		
"Total Work	""""	""text"""		
"Tracked	""""	""text"""		
"Transform Tasklist...	""""	""menu"""		
"Transforming tasklist...	""""	""text"""		
"Treat overdue tasks as being due 'Today'	""""	""checkbox"""		
"Treat subtasks of 'Locked' tasks as also being locked	""""	""checkbox"""		
"Treat tasks with the following tag as 'Milestones'	""""	""checkbox"""		
"Treat tasks without a due date as being due 'Today' or on the 'Start' date whichever is later	""""	""checkbox"""		
"Two or more attributes shared the unique ID '%s'.\n\nYou will need to resolve this before closing the dialog.	""""	""text"""		
"Type a version	""""	""text"""		
"Type	""""	""text"""		
"Unable to Create Path	""""	""text"""		
"Unable to process Startup Options|When more than one instance of ToDoList is running you must specify a filepath as well.	""""	""text"""		
"Underline	""""	""menu"""		
"  ""Underline""	""""	""tooltip"""		
"Undocked	""""	""tooltip"""		
"Unflagged	""""	""text"""		
"Uninstall...	""""	""menu"""		
"Unzipping update...	""""	""text"""		
"Up One Level	""""	""tooltip"""		
"Update preferences defaults	""""	""checkbox"""		
"Updating %s...	""""	""text"""		
"Updating language file...	""""	""text"""		
"Upload Progress (%d%%)	""""	""dialog"""		
"Upload Progress	""""	""dialog"""		
"Uploading '%s' to '%s'	""""	""text"""		
"Use Microsoft Word for content format conversions	""""	""checkbox"""		
"Use the following fixed columns only	""""	""radiobutton"""		
"User Date	""""	""menu"""		
"User Defined Tool %d	""""	""menu"""		
"User ID	""""	""text"""		
"User Interface>Column/Attribute Visibility	""""	""text"""		
"User Interface>General>Tab bar	""""	""text"""		
"Version:\t\t	""""	""text"""		
"Very High	""""	""text"""		
"Very Low	""""	""text"""		
"View Menu	""""	""tooltip"""		
"View Task Log File	""""	""menu"""		
"W\t(weeks)	""""	""text"""		
"Warning	""""	""menu"""		
"Web Page (*.htm, *.html)|*.htm;*.html|Text File (*.txt)|*.txt|All Files (*.*)|*.*||	""""	""text"""		
"Web Page (.html)|Web Pages (*.html, *.htm)|*.html;*.htm||	""""	""text"""		
"Weekday(s)	""""	""combobox"""		
"Weeks, narrow	""""	""combobox"""		
"Weeks, wide	""""	""combobox"""		
"Welcome to ToDoList	""""	""text"""		
"What's New	""""	""label"""		
"When time-tracking, remind me every	""""	""checkbox"""		
"When	""""	""label"""		
"Window %d	""""	""menu"""		
"Word Cloud	""""	""systabcontrol32"""		
"Word Wrap	""""	""menu"""		
"Wordwrap	""""	""tooltip"""		
"Would you like to reload it?	""""	""text"""		
"Would you like to save your changes before checking in?	""""	""text"""		
"XML (.xml)	""""	""combobox"""		
"XML (.xml)|XML Files (*.xml)|*.xml||	""""	""text"""		
"Y\t(years)	""""	""text"""		
"Year(s)	""""	""combobox"""		
"Years \t\t\t\t(eg. 2013)	""""	""combobox"""		
"Yesterday	""""	""text"""		
"You must include 'Title' in your column mapping.	""""	""text"""		
"You will need to restart ToDoList to see the change to the window fading	""""	""text"""		
"Your preferences have been successfully imported into the registry.\n\nDo you want to start using these settings immediately?	""""	""text"""		
"Your registry settings have been successfully exported.\n\nDo you want to start using these preferences immediately?	""""	""text"""		
"\n-ab <alloc by>\tSets the 'Allocated By' for the currently selected task\n-s <status>\tSets the 'Status' for the currently selected task\n-p <priority>\tSets the 'Priority' for the currently selected task\n-r <risk>\tSets the 'Risk' for the currently selected task\n-tg <tags>\tSets the 'Tag(s)' for the currently selected task\n-dp <id>\tSets the 'Dependency(s)' for the currently selected task\n-te <hrs>\tSets the 'Time Estimate' for the currently selected task\n-ts <hrs>\tSets the 'Time Spent' for the currently selected task\n-fr <path>\tSets the 'File Link' for the currently selected task	""""	""text"""		
"\n-copy <attrib1> <attrib2>\tCopies the value for 'attrib1' to 'attrib2' for the currently selected task\n-cs <cost>\tSets the 'Cost' for the currently selected task\n-md <date>\tSets the 'Creation Date' of the newly created task\n-sd <date>\tSets the 'Start Date' for the currently selected task\n-dd <date>\tSets the 'Due Date' for the currently selected task\n-cd <date>\tSets the 'Completion Date' for the currently selected task\n	""""	""text"""		
"\n-cs <cost>\tSets the 'Cost' for the currently selected task\n-md <date>\tSets the 'Creation Date' of the newly created task\n-sd <date>\tSets the 'Start Date' for the currently selected task\n-dd <date>\tSets the 'Due Date' for the currently selected task\n-cd <date>\tSets the 'Completion Date' for the currently selected task\n	""""	""text"""		
"\n-nt <title>\tCreates a new task in the active tasklist with the specified title\n-pid <id>\tSpecifies the parent task in which to create the new task\n-bid <id>\tSpecifies the sibling task after which to create the new task\n-tid <id>\tSelects the task in the active tasklist\n-cm <comments>\tAdds to the 'Comments' for the currently selected task\n-tv <version>\tSets the 'Version' for the currently selected task\n-xid <ext_id>\tSets the 'external ID' for the currently selected task\n-c <categories>\tSets the 'Category(s) for the currently selected task\n-at <alloc to>\tSets the 'Allocated To(s)' for the currently selected task	""""	""text"""		
"\nWould you like to update to this version?	""""	""text"""		
"\n\n(ATTENTION: One or more of these tasks has subtasks which will also be deleted)	""""	""text"""		
"\n\n(ATTENTION: This task has subtasks which will also be deleted)	""""	""text"""		
"and	""""	""combobox"""		
"before due date	""""	""combobox"""		
"before start date	""""	""combobox"""		
"begins in %s at %s	""""	""text"""		
"begins now (%s)	""""	""text"""		
"d	""""	""text"""		
"d\t(weekdays)	""""	""text"""		
"iCalendar Files (*.ics)	""""	""combobox"""		
"is due in %s at %s	""""	""text"""		
"is due now (%s)	""""	""text"""		
"is greater than (>)	""""	""text"""		
"is greater than or equal to (>=)	""""	""text"""		
"is less than (<)	""""	""text"""		
"is less than or equal to (<=)	""""	""text"""		
"m\t(minutes)	""""	""text"""		
"occurrences	""""	""label"""		
"occurs after (>)	""""	""text"""		
"occurs before (<)	""""	""text"""		
"occurs on or after (>=)	""""	""text"""		
"occurs on or before (<=)	""""	""text"""		
"or	""""	""combobox"""		
"tab-stops	""""	""label"""		
"week(s)	""""	""label"""		
"weekday(s)	""""	""label"""		
"year(s) after previous task is completed	""""	""label"""		
"year(s)	""""	""label"""		
TRANSLATED		
"% Complete	""진척도(%)""	""label"""		
"%d / %d tasks	""%d / %d 작업""	""text"""		
"%d task(s) selected	""선택한 작업 %d 개""	""text"""		
"%d	""%d""	""text"""		
"Due Today' task colour	""오늘기한의 작업색상""	""checkbox"""		
"Due' task colour	""기한 온 작업의 색상""	""checkbox"""		
"New Subtask' button places subtask	""「새하위」버튼에서 새작업 배치""	""label"""		
"New Task' button places task	""「새작업」버튼을 새로 만들기 작업 배치""	""label"""		
"Started Today' task colour	""오늘 시작 작업의 색상 작업 색상""	""checkbox"""		
"'Started' task colour	""開始したタスクの色""	""checkbox"""		
"'Today' colour	""今日の色""	""checkbox"""		
"'Weekend' colour	""週末の色""	""checkbox"""		
"(Relative)	""（相?）""	""text"""		
"(untitled)	""（タスク名未設定）""	""text"""		
"- unnamed -	""- 名?未設定 -""	""text"""		
"...maps to Column Name in File	""ファイルの列名""	""sysheader32"""		
"0 (Lowest)	""0（最も低い）""	""combobox"""		
"  ""0 (Lowest)""	""""	""menu"""		
"0 minutes	""0 分""	""combobox"""		
"1 (Low)	""1(とても低い)""	""combobox"""		
"  ""1 (Low)""	""""	""menu"""		
"1 (Very Low)	""1(とても低い)""	""combobox"""		
"  ""1 (Very Low)""	""""	""menu"""		
"1 Week	""1 週""	""combobox"""		
"1 minute	""1分""	""combobox"""		
"1 space	""1スペ?ス""	""combobox"""		
"1 task selected (%d)	""1個のタスク選?中(%d)""	""text"""		
"1. Where do you want ToDoList to store your program settings ?	""1. プログラム設定の保存場所""	""label"""		
"10 (Highest)	""10（最も高い）""	""combobox"""		
"  ""10 (Highest)""	""""	""menu"""		
"10 minutes	""10分""	""combobox"""		
"10 pt	""10 pt""	""combobox"""		
"10 seconds	""10秒""	""combobox"""		
"11 pt	""11 pt""	""combobox"""		
"12 hours	""12 時間""	""combobox"""		
"12 pt	""12 pt""	""combobox"""		
"120 seconds	""120秒""	""combobox"""		
"14 pt	""14 pt""	""combobox"""		
"15 minutes	""15分""	""combobox"""		
"16 pt	""16 pt""	""combobox"""		
"18 pt	""18 pt""	""combobox"""		
"2 (Low)	""2(低い)""	""combobox"""		
"  ""2 (Low)""	""""	""menu"""		
"2 Weeks	""2 週""	""combobox"""		
"2 days	""2 日""	""combobox"""		
"2 hours	""2 時間""	""combobox"""		
"2 minutes	""2分""	""combobox"""		
"2 spaces	""2スペ?ス""	""combobox"""		
"2 weeks	""2 週間""	""combobox"""		
"2. Do you want to be able to share your tasklists on a network ?	""タスクリストをネットワ?ク上でシェアしますか？""	""label"""		
"20 minutes	""20分""	""combobox"""		
"20 pt	""20pt""	""combobox"""		
"20 seconds	""20秒""	""combobox"""		
"24 hours / 1 day	""24 時間/1 日""	""combobox"""		
"3 (Low)	""3(やや低い)""	""combobox"""		
"  ""3 (Low)""	""""	""menu"""		
"3 (Low-Med)	""3(やや低い)""	""combobox"""		
"  ""3 (Low-Med)""	""""	""menu"""		
"3 Weeks	""3 週""	""combobox"""		
"3 days	""3 日""	""combobox"""		
"3 hours	""3 時間""	""combobox"""		
"3 weeks	""3 週間""	""combobox"""		
"3. Which columns do you initially want to see ?\n\nNote: You can modify this choice later using  'View > Select Columns'	""3. 表示欄の初期設定\n\n（[表示]→[欄の選?] で?更可能）""	""label"""		
"30 minutes	""3分""	""combobox"""		
"30 seconds	""30秒""	""combobox"""		
"4 (Medium)	""4（中）""	""combobox"""		
"  ""4 (Medium)""	""""	""menu"""		
"4 Weeks	""4 週""	""combobox"""		
"4 days	""4 日""	""combobox"""		
"4 hours	""4 時間""	""combobox"""		
"4 spaces	""4スペ?ス""	""combobox"""		
"4 weeks	""4 週間""	""combobox"""		
"4. Do you want to keep the user interface as simple as possible ?	""4. できるだけシンプルなユ?ザ?インタ?フェ?スにしたいですか？""	""label"""		
"45 minutes	""45分""	""combobox"""		
"5 (Medium)	""5（中）""	""combobox"""		
"  ""5 (Medium)""	""""	""menu"""		
"5 Weeks	""5 週""	""combobox"""		
"5 days	""5 日""	""combobox"""		
"5 hours	""5 時間""	""combobox"""		
"5 minutes	""5分""	""combobox"""		
"5 pt	""5 pt""	""combobox"""		
"5. Do you want to view a sample tasklist to help you get started ?	""5. サンプルのタスクリストを表示しますか？""	""label"""		
"6 (Medium)	""6（中）""	""combobox"""		
"  ""6 (Medium)""	""""	""menu"""		
"6 Weeks	""6 週""	""combobox"""		
"6 days	""6 日""	""combobox"""		
"6 hours	""6 時間""	""combobox"""		
"6 pt	""6 pt""	""combobox"""		
"60 minutes / 1 hour	""60 分/1 時間""	""combobox"""		
"60 minutes	""60分""	""combobox"""		
"60 seconds	""60秒""	""combobox"""		
"7 (High)	""7(やや高い)""	""combobox"""		
"  ""7 (High)""	""""	""menu"""		
"7 (Med-High)	""7(やや高い)""	""combobox"""		
"  ""7 (Med-High)""	""""	""menu"""		
"7 Weeks	""7 週""	""combobox"""		
"7 days / 1 week	""7 日/1 週間""	""combobox"""		
"7 pt	""7 pt""	""combobox"""		
"8 (High)	""8(高い)""	""combobox"""		
"  ""8 (High)""	""""	""menu"""		
"8 Weeks	""8 週""	""combobox"""		
"8 pt	""8 pt""	""combobox"""		
"8 spaces	""8スペ?ス""	""combobox"""		
"9 (High)	""9（とても高い）""	""combobox"""		
"  ""9 (High)""	""""	""menu"""		
"9 (Very High)	""9(とても高い)""	""combobox"""		
"  ""9 (Very High)""	""""	""menu"""		
"9 Weeks	""9 週""	""combobox"""		
"9 pt	""9 pt""	""combobox"""		
"<New Rule>	""<新しいル?ル>""	""text"""		
"<any date>	""<全ての日>""	""text"""		
"<any>	""<全て>""	""combobox"""		
"<anyone>	""<全員>""	""text"""		
"<no date>	""<いつでも>""	""text"""		
"<nobody>	""<なし>""	""text"""		
"<none>	""<なし>""	""combobox"""		
"  ""<none>""	""""	""menu"""		
"A simple and effective way to keep on top of your daily tasks	""日?のタスクを明確にしておくシンプルで?果的な方法""	""label"""		
"About ToDoList	""ToDoList について""	""menu"""		
"About	""ToDoList について""	""dialog"""		
"About...	""ToDoList について...""	""menu"""		
"Above Priority	""優先度（以上）""	""label"""		
"Above Risk	""リスク（以上）""	""label"""		
"Above Task	""タスクの前""	""menu"""		
"Above selected task	""選?中のタスクの上""	""combobox"""		
"Active Dictionary	""現在の?書""	""label"""		
"Active Keyboard Shortcuts	""使用可能なキ?ボ?ド?ショ?トカット""	""dialog"""		
"Active Tasklist	""現在のタスクリスト""	""menu"""		
"Active tasklist	""現在のタスクリスト""	""text"""		
"Add Rule	""規則の追加""	""tooltip"""		
"Add Task Dependency	""タスクの依存を追加""	""menu"""		
"Add Task File Link...	""タスクのファイルリンクを設定...""	""menu"""		
"Add Time to Task Log File	""タスク ログファイルに時間を追加""	""menu"""		
"After Loading a Tasklist	""タスクリストの?み?みの後""	""label"""		
"Aggregate cost for the selected tasks	""選?されたタスクのコストの合計""	""text"""		
"Aggregate time estimate for the selected tasks	""選?されたタスクの見積時間の合計""	""text"""		
"Aggregate time spent on the selected tasks	""選?サれたタスクの?過時間の合計""	""text"""		
"Alignment	""文字?え""	""label"""		
"All Tasks	""全てのタスク""	""menu"""		
"All attributes	""全ての?性""	""radiobutton"""		
"All open tasklists	""全ての開いているタスクリスト""	""combobox"""		
"All tasks	""全てのタスク""	""radiobutton"""		
"All	""全て""	""combobox"""		
"Alloc To	""割?先""	""sysheader32"""		
"Allocated By	""割?元""	""menu"""		
"  ""Allocated By""	""""	""label"""		
"Allocated To	""割?先""	""menu"""		
"  ""Allocated To""	""""	""label"""		
"Allocated by	""割?元""	""label"""		
"Allocated to	""割?先""	""label"""		
"Allow multi selection in the filter droplists	""フィルタのドロップリストで複?選?を可能にする""	""checkbox"""		
"Allow multiple instances of ToDoList	""ToDoList の同時起動を許可""	""checkbox"""		
"Allow time-tracking on parent tasks	""親タスクでの時間計測を有?にする""	""checkbox"""		
"Also add time to task's time spent	""タスクの?過時間も加える""	""checkbox"""		
"Alternate line colour	""1行おきの色""	""checkbox"""		
"Always export task ID and Parent task ID	""常にタスクIDと親タスクIDをエクスポ?トする""	""checkbox"""		
"Always hide parent tasks in List View	""リストビュ?で常に親タスクを?す""	""checkbox"""		
"Always show ToDoList when it starts up	""起動時にいつも ToDoList を表示する""	""checkbox"""		
"Always sort completed tasks below other tasks	""完了したタスクをその他のタスクよりも常に下に?び替える""	""checkbox"""		
"Anonymous Login	""匿名ログイン""	""checkbox"""		
"Any category can match	""全ての分類""	""text"""		
"Any person can match	""全ての人""	""text"""		
"Any tag can match	""全てのタグ""	""text"""		
"Any text field (eg. Allocated To, External ID, etc)	""全てのテキスト領域（例えば、割?先、外部IDなど）""	""radiobutton"""		
"Any text field	""全てのテキスト領域""	""text"""		
"Apply as Filter	""フィルタを適用""	""button"""		
"Apply	""適用""	""button"""		
"Archive Completed Tasks	""完了したタスクをア?カイブする""	""menu"""		
"Archive Selected Task(s)	""選?されたタスクをア?カイブする""	""menu"""		
"Archive Selected Tasks	""選?したタスクをア?カイブする""	""menu"""		
"Archive completed tasks	""完了タスクをア?カイブ""	""checkbox"""		
"Archiving	""ア?カイブ""	""label"""		
"Are you sure you want to overwrite '%s' with the results of this export?	""このエクスポ?トの結果を '%s' に上書きしていいですか""	""text"""		
"Arguments	""引?""	""label"""		
"  ""Arguments""	""引?""	""sysheader32"""		
"Ascending	""昇順""	""checkbox"""		
"Ask me if I want to reload it	""再?み?みするか確認する""	""combobox"""		
"Ask me what to do	""?回確認する""	""combobox"""		
"Assign	""割?""	""button"""		
"At Bottom of Task	""タスクの一番下""	""menu"""		
"At Bottom of Task's Parent	""親タスクの一番下""	""menu"""		
"At Bottom	""一番下""	""menu"""		
"At Top of Task	""タスクの一番上""	""menu"""		
"At Top of Task's Parent	""親タスクの一番上""	""menu"""		
"At Top	""一番上""	""menu"""		
"At bottom of selected task	""選?されたタスクの一番下""	""combobox"""		
"At bottom of tasklist	""タスクリストの下側""	""combobox"""		
"At this date and time	""日時を直接指定する""	""radiobutton"""		
"At top of selected task	""選?サれたタスクの一番上""	""combobox"""		
"At top of tasklist	""タスクリストの一番上""	""combobox"""		
"Attempt check out when loading a tasklist	""タスクリストを?み?むとき、チェックアウトを試みる""	""checkbox"""		
"Attribute Details	""?性の詳細""	""groupbox"""		
"Attribute Inheritance	""?性の?承""	""label"""		
"Attribute Label	""?性ラベル""	""text"""		
"Attribute	""?性""	""sysheader32"""		
"Attributes	""?性""	""groupbox"""		
"Auto-calculate parent task dates to include all subtasks	""親タスクの日にちを全てのタブタスクの日にちを含めて自動計算する""	""checkbox"""		
"Auto-save tasklists before running external tools	""外部ツ?ルを動作させる前に自動保存する""	""checkbox"""		
"Auto-save tasklists every	""次の間隔でタスクリストを自動保存する""	""checkbox"""		
"Auto-save tasklists when application loses focus	""アプリケ?ションがフォ?カスから外れたとき、自動保存する""	""checkbox"""		
"Auto-save when switching tasklists	""タスクリストを切り替えるとき、自動保存する""	""checkbox"""		
"Auto-scroll to task when selecting	""選?されたら自動的にスクロ?ルする""	""checkbox"""		
"Automatically adjust a task's dates when its dependency's dates changes	""依存する日にちが?更されたとき、自動的にタスクの日にちを調整する""	""checkbox"""		
"Automatically check for updates on startup	""ToDoList の開始時に自動的に更新を確認する""	""checkbox"""		
"Automatically export after saving	""保存後に自動的にエクスポ?トする""	""checkbox"""		
"Automatically refilter after editing	""編集後に自動的にフィルタの結果を更新する""	""checkbox"""		
"Automatically resort after editing	""編集後に自動的に?び替え直す""	""checkbox"""		
"Available Commandline Options	""利用可能なコマンドライン オプション""	""dialog"""		
"Backup to folder	""フォルダにバックアップ""	""label"""		
"Backup	""バックアップ""	""label"""		
"Backwards	""前""	""combobox"""		
"Before this task	""時間の基準：""	""label"""		
"Below Task	""タスクの後""	""menu"""		
"Below Tasklist	""タスクリストの下""	""combobox"""		
"Below selected task	""選?されたタスクの下""	""combobox"""		
"Browse	""ブラウズ""	""button"""		
"Bug Report/Feature Request...	""バグ報告/機能リクエスト...""	""menu"""		
"By the End of Next Month	""?月末""	""menu"""		
"By the End of Next Week	""?週末""	""menu"""		
"By the End of This Month	""今月末""	""menu"""		
"By the End of This Week	""今週末""	""menu"""		
"By the end of that month	""その月の月末""	""combobox"""		
"By the end of that week	""その週の週末""	""combobox"""		
"By the end of the following month	""次の月の月末""	""combobox"""		
"By the end of the following week	""次の週の週末""	""combobox"""		
"By	""ずらす量""	""label"""		
"Calculate a task's 'Remaining Time' as	""「?り時間」の計算方法""	""groupbox"""		
"Calculate missing 'due' dates as being the later of the task's start date and 'today'.	""期日がない場合には、タスクの開始日と「今日」の?い方を期日として扱う""	""checkbox"""		
"Calculate missing 'start' dates as being the earlier of the task's due date and 'today'.	""開始日がない場合には、タスクの期日と「今日」の早い方を開始日として扱う""	""checkbox"""		
"Calculate next occurrence	""繰り返しタスク生成の基準日：""	""label"""		
"Calendar	""カレンダ?""	""systabcontrol32"""		
"Can be a file, folder, website, email, or task link	""ファイル、フォルダ、WEBサイト、eメ?ル、タスクリンク""	""text"""		
"Cancel	""キャンセル""	""menu"""		
"  ""Cancel""	""""	""button"""		
"Cat.	""分類""	""text"""		
"Categories	""分類""	""label"""		
"  ""Categories""	""""	""text"""		
"Category	""分類""	""label"""		
"  ""Category""	""分類""	""menu"""		
"Centre	""中央""	""combobox"""		
"Change Password...	""パスワ?ドの?更...""	""menu"""		
"Character Set	""文字セット""	""label"""		
"Check In	""チェックイン""	""menu"""		
"Check Out to Edit	""編集のためにチェックアウト""	""menu"""		
"Check Spelling	""スペルチェック""	""menu"""		
"Check for Updates...	""アップデ?トの確認...""	""menu"""		
"Check in tasklists if no changes have been made for more than	""次の時間以上の間?更されなかったら、タスクリストをチェックインする""	""checkbox"""		
"Check in tasklists when I close them	""タスクリストを閉じるとき、チェックインする""	""checkbox"""		
"Check the status of remote tasklists only every	""次の時間間隔でリモ?ト タスクリストの?態を確認する""	""label"""		
"Checking Text	""テキストのチェック中""	""label"""		
"Clear All	""全てクリア""	""button"""		
"Clear Filter	""フィルタ解除""	""button"""		
"  ""Clear Filter""	""""	""menu"""		
"Clear Focused Task Attribute	""フォ?カスしているタスク?性をクリアする""	""menu"""		
"Clear MRU	""記?のクリア""	""button"""		
"Clear Reminder	""リマインダの解除""	""menu"""		
"Clear Task Attribute	""タスク?性をクリアする""	""menu"""		
"Clear Task Colour	""タスクの色を解除""	""menu"""		
"Clear Task Icon	""タスクのアイコンを解除""	""menu"""		
"Close All Other Tasklists	""他の全てのタスクリストを閉じる""	""menu"""		
"Close All	""全て閉じる""	""menu"""		
"Close Tasklist	""タスクリストを閉じる""	""menu"""		
"Collapse Task	""タスクを折りたたむ""	""tooltip"""		
"Collapse	""折りたたむ""	""menu"""		
"Colour 'Priority' column	""優先度欄の色""	""checkbox"""		
"Colour task titles by Priority	""優先度のよってタスク名の色を決める""	""radiobutton"""		
"Colour task titles by assigned colours	""割り?てられた色でタスク名の色を決める""	""radiobutton"""		
"Colour task titles by	""タスク名の色を次の?性で決める""	""radiobutton"""		
"Colour	""色""	""label"""		
"Colours	""色""	""label"""		
"Column Title	""欄のタイトル""	""text"""		
"Column title	""欄のタイトル""	""label"""		
"Command Line Options	""コマンドライン オプション""	""menu"""		
"Comments font	""コメントのフォント""	""checkbox"""		
"Comments	""コメント""	""combobox"""		
"  ""Comments""	""コメント""	""label"""		
"Completed Date	""完了日""	""checklistbox"""		
"  ""Completed Date""	""""	""combobox"""		
"  ""Completed Date""	""""	""menu"""		
"Completed Status	""完了?態""	""menu"""		
"Completed Tasks	""完了したタスク""	""text"""		
"Completed Time	""完了時刻""	""label"""		
"Completed task colour	""完了したタスクの色""	""checkbox"""		
"Completed tasks	""完了したタスク""	""checkbox"""		
"Completed	""完了""	""label"""		
"Completion Date	""完了日""	""checkbox"""		
"Confirm Password	""パスワ?ドの再入力""	""label"""		
"Confirm Save	""保存の確認""	""text"""		
"Continue time-tracking a task even when	""次の?態の時に時間計測を??する""	""label"""		
"Continue to update subtasks as parent changes	""親タスクの?性?更をサブタスクに反映させる""	""checkbox"""		
"Contribution	""寄付""	""sysheader32"""		
"Contributor	""貢?者""	""sysheader32"""		
"Contributors	""貢?者""	""label"""		
"Copy All	""全てコピ?""	""button"""		
"Copy As	""コピ?（種類を指定）""	""menu"""		
"Copy Task Here	""ここにタスクをコピ?する""	""menu"""		
"Copy	""コピ?""	""menu"""		
"Cost	""コスト""	""menu"""		
"  ""Cost""	""""	""label"""		
"Create Task File Link	""タスクファイルの作成""	""menu"""		
"Create Task	""タスクの作成""	""menu"""		
"Create a new task	""新規タスクを作成する""	""combobox"""		
"  ""Create a new task""	""""	""radiobutton"""		
"Created By	""作成者""	""sysheader32"""		
"  ""Created By""	""""	""menu"""		
"Created	""作成""	""text"""		
"Creation Date	""作成日""	""checklistbox"""		
"  ""Creation Date""	""""	""menu"""		
"Csv delimiter	""CSV?切り文字""	""label"""		
"Current shortcut key	""現在のショ?トカットキ?""	""label"""		
"Currently focused field	""フォ?カスしている領域""	""text"""		
"Custom	""カスタム""	""radiobutton"""		
"Cut	""切り取り""	""menu"""		
"D	""日""	""text"""		
"D(ays)	""日""	""menu"""		
"Daily	""日?位で指定""	""radiobutton"""		
"Data Type	""デ?タ形式""	""text"""		
"Data type	""デ?タ形式""	""label"""		
"Date of creation	""作成日""	""checkbox"""		
"Date	""日にち""	""label"""		
"Dates	""日にち?連""	""label"""		
"Day	""月の日にち指定""	""radiobutton"""		
"Day(s)	""日""	""combobox"""		
"Days	""日""	""text"""		
"Days, mid	""日（中）""	""combobox"""		
"Decrement Task % Completion	""進?度 (%) を下げる""	""menu"""		
"Decrement Task Priority	""タスクの優先度を下げる""	""menu"""		
"Default Allocated By	""割?元の初期値""	""label"""		
"Default Allocated To	""割?先の初期値""	""label"""		
"Default Attributes	""?性の初期値""	""label"""		
"Default Categories	""分類の初期値""	""label"""		
"Default Statuses	""?態の初期値""	""label"""		
"Delete All Tasks	""削除（全てのタスク）""	""menu"""		
"Delete Attribute	""?性の削除""	""tooltip"""		
"Delete Rule	""規則の削除""	""tooltip"""		
"Delete Search	""?索の削除""	""tooltip"""		
"Delete Selected Task	""削除（選?タスク）""	""menu"""		
"Delete Task	""タスクの削除""	""tooltip"""		
"Delete Tool	""ツ?ルを削除する""	""tooltip"""		
"Delete	""削除""	""menu"""		
"Dependency	""依存""	""menu"""		
"  ""Dependency""	""""	""label"""		
"Description	""記述""	""sysheader32"""		
"Details	""詳細""	""groupbox"""		
"Dialog	""ダイアログ""	""dialog"""		
"Direction	""方向""	""label"""		
"Dismiss and Go to Task	""破棄してタスクに移動""	""button"""		
"Dismiss	""破棄""	""button"""		
"Display 'Estimated/Spent' times in HMS format	""見積時間/?過時間を HMS 形式で表示する""	""checkbox"""		
"Display Language	""言語を表示""	""label"""		
"Display a parent task's '% Completion' as being the average of all its subtasks' % completions	""親タスクの進?度 (%) として、サブタスクの進?度 (%) の平均を表示する""	""checkbox"""		
"Display a task's '% Completion' as being equal to its 'Time Spent' divided by its 'Time Estimate'	""タスクの進?度 (%) として、「?過時間÷見積時間」を表示する""	""checkbox"""		
"Display a task's 'Due Date' as	""表示するタスクの期日""	""groupbox"""		
"Display a task's 'Start Date' as	""表示するタスクの開始日""	""groupbox"""		
"Display a task's priority/risk as being the highest of its and all its subtasks' priorities/risks	""タスクの優先度/リスクとして、そのタスクとサブタスクの優先度/リスクで一番高いものを表示する""	""checkbox"""		
"Display a warning if I attempt to add or delete tasks from an archive	""ア?カイブのタスクの追加/削除時に警告を表示する""	""checkbox"""		
"Display comments after a task's title	""タスク名の後にコメントを表示する""	""checkbox"""		
"Display dates and times in ISO format	""日にちと時刻をISO形式で表示する""	""checkbox"""		
"Display delete confirmation dialog\n	""削除の確認ダイアログを表示する\n""	""checkbox"""		
"Display notifications in HTML	""通知をHTMLで表示する""	""checkbox"""		
"Display only the first line of comments	""コメントの最初の行のみ表示する""	""checkbox"""		
"Display reminders using 'Stickies' (by Zhorn Software)	""リマインダ表示に 'Stickies' （Zhorn Software製）を用いる""	""checkbox"""		
"Display save confirmation dialog on exit, otherwise the tasklist will be auto-saved	""終了時に保存の確認をする（チェックされていないときは、タスクリストを自動保存する）""	""checkbox"""		
"Display the selected task's path in the header bar	""選?されたタスクのパスをヘッダ?バ?に表示する""	""checkbox"""		
"Display	""表示""	""label"""		
"Do Search	""?索?行""	""tooltip"""		
"Dock Below	""下に配置""	""tooltip"""		
"Dock Left	""左に配置""	""tooltip"""		
"Dock Right	""右に配置""	""tooltip"""		
"Donate...	""寄付...""	""menu"""		
"Download More Dictionaries	""?書をさらにダウンロ?ドする""	""label"""		
"Due Date	""期日""	""menu"""		
"  ""Due Date""	""""	""label"""		
"Due Task Notifications	""期限のきたタスクの通知""	""label"""		
"Due Tasks	""期限の過ぎたタスク""	""menu"""		
"Due Tasks: %s	""期限のきたタスク: %s""	""text"""		
"Due Time	""期限時刻""	""label"""		
"Due by	""期日""	""label"""		
"Due	""期限""	""sysheader32"""		
"Dynamic Droplists	""ダイナミック ドロップリスト""	""label"""		
"Dynamic data, multi-selection	""動的デ?タ、複?選?""	""text"""		
"Dynamic data, single-selection	""動的デ?タ、?一選?""	""text"""		
"Edit Attribute Title	""?性名の編集""	""tooltip"""		
"Edit Label	""ラベルの編集""	""button"""		
"Edit Task Log File	""タスク ログファイルを編集""	""menu"""		
"Edit Task Recurrence...	""タスクの繰り返しを編集...""	""menu"""		
"Edit Task Title	""タスク名の編集""	""menu"""		
"  ""Edit Task Title""	""""	""tooltip"""		
"Edit	""編集""	""menu"""		
"Email Selected Task(s)...	""選?されたタスクをメ?ルで送信...""	""menu"""		
"Email Tasks...	""タスクをメ?ル...""	""menu"""		
"Enable '.tdl' as a file extension for tasklists	"".tdl' をタスクリストの?張子として有?にする""	""checkbox"""		
"Enable 'Add-to-Dictionary' (for translators)	""'Add-to-Dictionary' を有?にする（??者向け）""	""checkbox"""		
"Enable 'tdl://' as a url protocol	""tdl://' を URL プロトコルとして有?にする""	""checkbox"""		
"Enable delayed loading of tasklists	""タスクリストの?延?み?みを有?にする""	""checkbox"""		
"Enable full row selection	""全ての列を表示することを有?にする""	""checkbox"""		
"Enable window fading when showing dialog boxes	""ダイアログボックスを表示するとき、ウィンドウ フェ?ディングを有?にする""	""checkbox"""		
"Encrypt Tasklist	""タスクリストの暗?化""	""menu"""		
"End of Next Month	""?月末""	""text"""		
"End of Next Week	""?週末""	""text"""		
"End of Next Year	""?年末""	""text"""		
"End of This Month	""今月末""	""text"""		
"End of This Week	""今週末""	""text"""		
"End of This Year	""今年末""	""text"""		
"Enter Password	""パスワ?ドの入力""	""label"""		
"Enter Remote Server Details	""リモ?ト?サ?バ?の詳細を入力""	""dialog"""		
"Enter the password for encrypting this tasklist and then confirm it.	""暗?化のためパスワ?ドを入力してください""	""label"""		
"Est.	""見積""	""text"""		
"Est: %s	""見積: %s""	""text"""		
"Every weekday	""全ての平日""	""radiobutton"""		
"Every	""月日指定""	""radiobutton"""		
"Exit ToDoList	""ToDoListの終了""	""menu"""		
"Exit	""終了""	""menu"""		
"Expand Task	""タスクを展開する""	""tooltip"""		
"Expand all tasks	""全てのタスクを展開する""	""checkbox"""		
"Expand	""展開する""	""menu"""		
"Export Preferences from Registry...	""環境設定をレジストリから?み?む...""	""menu"""		
"Export Tasks to Outline	""アウトラインのエクスポ?ト""	""dialog"""		
"Export Tasks	""タスクのエクスポ?ト""	""dialog"""		
"Export Tasks...	""タスクのエクスポ?ト...""	""menu"""		
"Export attributes in visible columns only	""表示されている欄の?性のみエクスポ?トする""	""checkbox"""		
"Export filtered tasks only	""フィルタ結果のタスクのみエクスポ?トする""	""checkbox"""		
"Export the project name as the first line	""最初の行にプロジェクト名をエクスポ?トする""	""checkbox"""		
"Export to folder	""フォルダにエクスポ?トする""	""checkbox"""		
"Export to one file	""一つのファイルにエクスポ?トする""	""checkbox"""		
"Export	""エクスポ?ト""	""button"""		
"Export...	""エクスポ?ト...""	""menu"""		
"Exporting Csv File	""CSVファイルのエクスポ?ト""	""dialog"""		
"Exporting tasklist(s)...	""タスクリストのエクスポ?ト""	""text"""		
"Ext.ID	""外部ID""	""text"""		
"Extended tasklist selection	""?張タスクリスト選?""	""text"""		
"External ID	""外部ID""	""label"""		
"  ""External ID""	""""	""combobox"""		
"  ""External ID""	""""	""menu"""		
"Feedback and Support	""フィ?ドバックとサポ?ト""	""menu"""		
"File Actions (more)	""ファイルの動作（?き）""	""text"""		
"File Actions (more)>Backup	""ファイルの動作（?き）>バックアップ""	""text"""		
"File Actions (more)>Saving	""ファイルの動作（?き）>保存""	""text"""		
"File Actions	""ファイルの動作""	""text"""		
"File Actions>Archiving	""ファイルの動作>ア?カイブ""	""text"""		
"File Actions>Due Task Notifications	""ファイルの動作>期限のきたタスクの通知""	""text"""		
"File Actions>Loading	""ファイル操作>?み?み""	""text"""		
"File Link	""ファイルリンク""	""label"""		
"  ""File Link""	""""	""menu"""		
"File Path	""ファイル名""	""label"""		
"  ""File Path""	""""	""sysheader32"""		
"File	""ファイル""	""radiobutton"""		
"  ""File""	""""	""menu"""		
"Filter Tasks	""タスクのフィルタ""	""dialog"""		
"Filter...	""フィルタ...""	""menu"""		
"Filtered Tasks	""?索されたタスク""	""radiobutton"""		
"Filtered task count / Total task count	""フィルタ結果タスク?/全タスク?""	""text"""		
"Filtered-out tasks	""フィルタで非表示のタスク""	""text"""		
"Filtering	""フィルタリング""	""label"""		
"Find In Comments	""コメントの?索""	""text"""		
"Find Next	""次を?索""	""menu"""		
"Find Previous	""前を?索""	""menu"""		
"Find Tasks Filter	""タスク?索フィルタ""	""text"""		
"Find Tasks	""タスクを?索""	""dialog"""		
"  ""Find Tasks""	""""	""tooltip"""		
"Find Tasks...	""タスクの?索...""	""menu"""		
"Find...	""?索...""	""menu"""		
"Five (5) Equal Subtasks	""5個のサブタスク""	""menu"""		
"Five (5) Subtasks	""5 個のサブタスク""	""menu"""		
"Fixed data, multi-selection	""固定デ?タ、複?選?""	""text"""		
"Fixed data, single-selection	""固定デ?タ、?一選?""	""text"""		
"Flag	""フラグ""	""checklistbox"""		
"  ""Flag""	""""	""menu"""		
"Flagged Tasks	""フラグ付タスク""	""text"""		
"Flagged task colour	""フラグ付きタスクの色""	""checkbox"""		
"Folder is full path	""フルパス""	""radiobutton"""		
"Folder is relative to application	""アプリケ?ション（ToDoList.exe）に?する相?パス""	""radiobutton"""		
"Folder is relative to tasklist	""タスクリストに?する相?パス""	""radiobutton"""		
"Font	""フォント""	""menu"""		
"For tasks matching the following rules	""次の規則に一致するタスク""	""label"""		
"Format	""形式""	""label"""		
"Forwards	""先""	""combobox"""		
"Four (4) Equal Subtasks	""4個のサブタスク""	""menu"""		
"Four (4) Subtasks	""4 個のサブタスク""	""menu"""		
"FreeMind (.mm)	""FreeMind (.mm)""	""combobox"""		
"Gantt Chart Preferences	""ガントチャ?ト環境設定""	""dialog"""		
"Gantt Chart	""ガントチャ?ト""	""systabcontrol32"""		
"  ""Gantt Chart""	""""	""checklistbox"""		
"GanttProject (.gan)	""GanttProject (.gan)""	""combobox"""		
"General	""全般""	""text"""		
"Global hotkey	""グロ?バルホットキ?""	""checkbox"""		
"Go to Task Dependency	""依存タスクに移動""	""menu"""		
"Go to Today	""今日に移動""	""button"""		
"Gradient	""グラディエ?ション""	""radiobutton"""		
"H	""H""	""text"""		
"H(ours)	""H（時間）""	""menu"""		
"HTML format	""HTML 形式""	""radiobutton"""		
"HTML	""HTML""	""groupbox"""		
"  ""HTML""	""HTML""	""menu"""		
"Have subtasks inherit the following attributes from their parent when they are created	""サブタスクが生成されたとき、次の?性を親から引き?ぐ""	""checkbox"""		
"Help	""ヘルプ""	""button"""		
"  ""Help""	""""	""menu"""		
"Hide '% Complete' for completed tasks	""完了したタスクの進?度(%)を?す""	""checkbox"""		
"Hide 'Priority' number	""優先度の?値を?す""	""checkbox"""		
"Hide 'Start' and 'Due' dates for completed tasks	""完了したタスクの開始日と期日を?す""	""checkbox"""		
"Hide collapsed tasks (List View)	""折りたたんだタスクを?す（リスト ビュ?）""	""text"""		
"Hide completed tasks	""完了したタスクを?す""	""text"""		
"Hide confidential attributes	""機密の?性を?す""	""checkbox"""		
"Hide overdue tasks	""期限の過ぎたタスクを?す""	""text"""		
"Hide parent tasks (List View)	""親タスクを?す（リストビュ?）""	""text"""		
"Hide tab bar when only one tasklist is open	""ひとつのタスクリストのみ開かれているときはタブバ?を?す""	""checkbox"""		
"Hide un-mapped attributes	""マップサれていない?性を?す""	""checkbox"""		
"Hide zero 'Times' and 'Costs'	""ゼロの時間とコストを?す""	""checkbox"""		
"High...	""高...""	""button"""		
"ID	""ID""	""sysheader32"""		
"Icon Path	""アイコン パス""	""sysheader32"""		
"Icon	""アイコン""	""label"""		
"  ""Icon""	""""	""menu"""		
"If a task list cannot be checked out, keep re-trying periodically	""タスクリストをチェックアウトできないとき、定期的にチェックアウトを試みる""	""checkbox"""		
"If a tasklist's status changes to writable	""タスクリストの?態が書き?み可能になったときの動作を指定する""	""checkbox"""		
"If a tasklist's timestamp changes	""タスクリストのタイムスタンプが?わったときの動作を指定する""	""checkbox"""		
"Import From	""インポ?ト元""	""groupbox"""		
"Import Preferences into Registry...	""環境設定をレジストリに記?""	""menu"""		
"Import Tasks	""タスクのインポ?ト""	""dialog"""		
"Import Tasks...	""タスクのインポ?ト...""	""menu"""		
"Import To	""インポ?ト先""	""groupbox"""		
"Import subtasks of selected tasks	""選?されたタスクのサブタスクをインポ?トする""	""checkbox"""		
"Import	""インポ?ト""	""button"""		
"Import...	""インポ?ト...""	""button"""		
"Importing/Exporting	""インポ?ト/エクスポ?ト""	""text"""		
"Include completed subtasks in this assessment	""完了したサブタスクも計算に用いる""	""checkbox"""		
"Include completed subtasks in this calculation	""計算するときに完了したサブタスクを含める""	""checkbox"""		
"Include the weekday when displaying dates	""表示する日?に平日を含める""	""checkbox"""		
"Include user name when identifying check-out	""チェックアウトを見分けるとき、ユ?ザ名を含む""	""checkbox"""		
"Including comments	""コメントを含む""	""checkbox"""		
"Including parent task	""親タスクを含む""	""checkbox"""		
"Including subtasks	""サブタスクを含む""	""checkbox"""		
"Including	""含む""	""label"""		
"Incomplete Tasks	""完了していないタスク""	""combobox"""		
"Increment Task % Completion	""進?度 (%) を上げる""	""menu"""		
"Increment Task Priority	""タスクの優先度を上げる""	""menu"""		
"Individual	""個別""	""radiobutton"""		
"Ini file	""ini ファイル""	""radiobutton"""		
"Initialising %s...	""%s の初期化中""	""text"""		
"Insert Date  Time	""日時を?入""	""menu"""		
"Insert Date	""日にちを?入""	""menu"""		
"Insert File Link...	""ファイルリンクの?入...""	""menu"""		
"Insert Symbol	""シンボルの?入""	""text"""		
"Insert Time	""時間を?入""	""menu"""		
"Its assigned date	""そのタスクに設定された日""	""radiobutton"""		
"Keep ToDoList on top when visible	""常に最前面に表示""	""checkbox"""		
"Keep backup copies of tasklists before saving	""保存する前にタスクリストをコピ?してバックアップする""	""checkbox"""		
"Keep tabs ordered by name	""タブを名前順に?べる""	""checkbox"""		
"Keep track of most recently used (MRU) tasklists	""最後に使ったタスクリストを記?しておく""	""checkbox"""		
"Keep	""保持""	""label"""		
"Keyboard Shortcuts	""キ?ボ?ド ショ?トカット""	""label"""		
"  ""Keyboard Shortcuts""	""キ?ボ?ド ショ?トカット""	""menu"""		
"Language Change|The user interface language will be changed next time you restart ToDoList.\n\nWould you like to restart ToDoList now?	""言語の?更|ユ?ザ?インタ?フェ?スの言語は、次にToDoListを再起動した時に?更されます。\n\nすぐにToDoListを再起動しますか？""	""text"""		
"Last Mod.	""最終更新""	""text"""		
"Last Modified	""最終更新""	""text"""		
"Left of Tasklist	""タスクリストの左側""	""combobox"""		
"Left	""左""	""combobox"""		
"Limit length of comments shown to	""コメント長さの表示の制限：""	""checkbox"""		
"Limit width of columns to	""欄幅の制限：""	""checkbox"""		
"List Type	""リスト形式""	""text"""		
"List View	""リストビュ?""	""menu"""		
"  ""List View""	""""	""checklistbox"""		
"  ""List View""	""""	""systabcontrol32"""		
"List type	""リスト形式""	""label"""		
"Loading tasklist(s)...	""タスクリストを??中...""	""text"""		
"Log each task to a separate file	""それぞれのタスクのログを別?のファイルに記?する""	""checkbox"""		
"Log tracked time	""時間計測のログをとる""	""checkbox"""		
"Low...	""低...""	""button"""		
"M	""月""	""text"""		
"M(onths)	""月""	""menu"""		
"Matches	""一致""	""sysheader32"""		
"Maximise Comments	""コメントの最大化""	""menu"""		
"Maximise Task View	""タスクリストの最大化""	""menu"""		
"  ""Maximise Task View""	""タスクリストの最大化""	""tooltip"""		
"Menu Item	""メニュ?の項目""	""text"""		
"Menu Option	""メニュ? オプション""	""sysheader32"""		
"Merge	""マ?ジ""	""text"""		
"Microsoft Outlook	""マイクロソフト アウトルック""	""combobox"""		
"Minimise ToDoList after the following period of inactivity	""アクティブでない?態が次の時間?いた場合 ToDoListを最小化する""	""checkbox"""		
"Minimise ToDoList to the 'System Tray' when	""次の場合に ToDoList を最小化してタスクトレイに格納する""	""checkbox"""		
"Minimise ToDoList when [Escape] is pressed	""[Esc] キ?が押されたら ToDoList を最小化する""	""checkbox"""		
"Modified Date	""?更日""	""checklistbox"""		
"  ""Modified Date""	""""	""menu"""		
"Month(s)	""月""	""combobox"""		
"Monthly	""月?位で指定""	""radiobutton"""		
"Move Attribute Down	""?性を下に移動""	""tooltip"""		
"Move Attribute Up	""?性を上に移動""	""tooltip"""		
"Move Rule Down	""規則を下に移動""	""tooltip"""		
"Move Rule Up	""規則を上に移動""	""tooltip"""		
"Move Tab Left	""タブを左に移動""	""menu"""		
"Move Tab Right	""タブを右に移動""	""menu"""		
"Move Task Down	""タスクを下に移動""	""menu"""		
"Move Task Here	""タスクをここに移動""	""menu"""		
"Move Task Left (Up One Level)	""タスクを左に移動（上位階層）""	""menu"""		
"Move Task Right (Down One Level)	""タスクを右に移動（下位階層）""	""menu"""		
"Move Task Up	""タスクを上へ移動""	""menu"""		
"Move Tasklist Tab Left	""タスクリストタブの移動（?左）""	""menu"""		
"Move Tasklist Tab Right	""タスクリストタブの移動（?右）""	""menu"""		
"Move the input focus to the tasklist when [Enter] is pressed	""[Enter]が押されたとき、入力フォ?カスをタスクリストに移す""	""checkbox"""		
"Move	""移動""	""menu"""		
"Multi-Sort	""複??件で?び替え""	""dialog"""		
"Multi-Sort...	""複??件で?び替え...""	""menu"""		
"Multiple Users	""複?ユ?ザ?""	""text"""		
"Multiple Users>File Checking	""複?ユ?ザ?>ファイルの確認""	""text"""		
"Multiple Users>Source Control	""여러 사용자>소스제어""	""text"""		
"My Life Organized (.ml)	""My Life Organized (.ml)""	""combobox"""		
"Navigate Back	""?る""	""menu"""		
"  ""Navigate Back""	""""	""tooltip"""		
"Navigate Forward	""進む""	""menu"""		
"  ""Navigate Forward""	""""	""tooltip"""		
"New Attribute	""新規?性""	""tooltip"""		
"New Search	""新規?索""	""tooltip"""		
"New Subtask at Bottom of Selected Task	""サブタスク作成（選?タスクの最下部）""	""menu"""		
"New Subtask at Top of Selected Task	""サブタスク作成（選?タスクの最上部）""	""menu"""		
"New Subtask	""新規サブタスク""	""menu"""		
"  ""New Subtask""	""""	""tooltip"""		
"New Task Above Selected Task	""タスク作成（選?タスクの上）""	""menu"""		
"New Task Below Selected Task	""タスク作成（選?タスクの下）""	""menu"""		
"New Task at Bottom of Selected Task's Parent	""タスク作成（選?タスクの親の最下部）""	""menu"""		
"New Task at Bottom	""タスク作成（最下部）""	""menu"""		
"New Task at Top of Selected Task's Parent	""タスク作成（選?タスクの親の最上部）""	""menu"""		
"New Task at Top	""タスク作成（最上部）""	""menu"""		
"New Task	""新規タスク""	""menu"""		
"  ""New Task""	""""	""tooltip"""		
"New Tasklist	""新規タスクリスト""	""menu"""		
"New Tool	""新規ツ?ル""	""button"""		
"New tasklist	""新規タスクリスト""	""radiobutton"""		
"Next 7 Days	""これからの7日間""	""text"""		
"Next Task View	""次のタスク ビュ?""	""menu"""		
"Next TaskList	""次のタスクリスト""	""menu"""		
"Next Word	""次の?語""	""button"""		
"No task title colouring (except for due tasks)	""タスク名に色を着けない（期限のきたタスクを除く）""	""radiobutton"""		
"No	""No""	""button"""		
"No, I won't be sharing any of my tasklists	""タスクリストをシェアしない""	""radiobutton"""		
"No, let me see all available options	""全ての選?肢を表示する""	""radiobutton"""		
"No, thanks	""不要""	""radiobutton"""		
"Not a list	""リストではない""	""text"""		
"Note: You can modify this choice later using 'Tools > Preferences'	""（この選?は、後から、[ツ?ル]→[環境設定]で?更できます）""	""label"""		
"Notify me if the tasklist is read-only	""もしタスクリストが?み取り?用の時は通知する""	""checkbox"""		
"Notify me of all tasks due (and overdue)	""次の期限のタスクを通知する（期限を過ぎたタスクも）""	""checkbox"""		
"Now	""今""	""text"""		
"Number (fractional)	""分?""	""text"""		
"Number (whole)	""整?""	""text"""		
"OK	""OK""	""button"""		
"Offset Task Dates	""タスクの日にちをずらす""	""dialog"""		
"Offset Task Dates...	""日にちをずらす""	""menu"""		
"Offset subtask date(s) by the same amount	""サブタスクを同じだけずらす""	""checkbox"""		
"Offset	""ずらす?象：""	""label"""		
"On that day	""?日""	""combobox"""		
"On the following day	""次の日""	""combobox"""		
"Once	""1 回のみ""	""radiobutton"""		
"One day equals	""1 日：""	""label"""		
"One week equals	""1週間：""	""label"""		
"Online Documentation	""オンラインドキュメント""	""menu"""		
"Only display tasks allocated to	""割?先が次のタスクのみ表示する""	""checkbox"""		
"Only export title and comments for parent tasks	""親タスクについてはタスク名とコメントのみエクスポ?トする""	""checkbox"""		
"Only when all the task's subtasks and siblings are also complete	""そのタスクのサブタスクと?連するタスクが全て完了している場合のみ""	""checkbox"""		
"Open Archive	""ア?カイブを開く""	""menu"""		
"Open From	""別の場所から開く""	""menu"""		
"Open Link	""リンクを開く""	""menu"""		
"Open Task File Link	""タスクのファイルリンクを開く""	""menu"""		
"Open Tasklist	""タスクリストを開く...""	""dialog"""		
"  ""Open Tasklist""	""""	""tooltip"""		
"Open Tasklist...	""タスクリストを開く...""	""menu"""		
"Option	""オプション""	""sysheader32"""		
"Options	""オプション""	""label"""		
"Order Tabs by Name	""タブの?び替え（名前順）""	""menu"""		
"Other Task Attributes	""その他のタスク?性""	""menu"""		
"Other format	""その他の形式""	""radiobutton"""		
"Other	""その他""	""label"""		
"Outline (.txt)	""アウトライン (.txt)""	""combobox"""		
"PID	""親ID""	""text"""		
"Paragraph	""段落""	""menu"""		
"  ""Paragraph""	""段落""	""radiobutton"""		
"Parent Task ID	""親タスクID""	""combobox"""		
"Parent Tasks	""親タスク""	""groupbox"""		
"Password Required - ToDoList	""パスワ?ドが必要です - ToDoList""	""dialog"""		
"Password	""パスワ?ドの?更...""	""label"""		
"Paste Tasks as Links	""タスクをリンクとして貼り付ける""	""menu"""		
"Paste after Selected Task	""貼り付け（選?タスクの下）""	""menu"""		
"Paste after	""後に貼り付け""	""menu"""		
"Paste as Subtask of Selected Task	""サブタスクとして貼り付け""	""menu"""		
"Paste as a Subtask	""サブタスクとして貼り付け""	""menu"""		
"Paste at bottom of tasklist	""タスクリストの一番下に貼り付ける""	""text"""		
"Paste	""貼り付け""	""button"""		
"  ""Paste""	""""	""menu"""		
"Path (list view only)	""パス(リストビュ?のみ）""	""text"""		
"Path to Stickies executable	""Stickies ?行ファイルのパス""	""label"""		
"Path	""パス""	""label"""		
"  ""Path""	""""	""menu"""		
"Percent Complete	""進?度(%)""	""checklistbox"""		
"  ""Percent Complete""	""""	""menu"""		
"Placeholders	""プレ?スホルダ?""	""text"""		
"Plain Text (.txt)	""プレ?ンテキスト (.txt)""	""combobox"""		
"Play this sound	""リマインド音""	""label"""		
"Point size	""文字サイズ""	""label"""		
"Populate	""↓設定""	""button"""		
"Pos.	""位置""	""text"""		
"Position comments	""コメントの配置""	""label"""		
"Position edit fields	""編集領域の位置""	""label"""		
"Position	""位置""	""checklistbox"""		
"  ""Position""	""""	""menu"""		
"Preference Files (*.ini)|*.ini||	""環境設定ファイル (*.ini)|*.ini||""	""text"""		
"Preferences	""環境設定""	""tooltip"""		
"Preferences...	""環境設定...""	""menu"""		
"Preferred format	""初期の形式""	""label"""		
"Preview results	""プレビュ?する""	""checkbox"""		
"Previous TaskList	""ひとつ前のタスクリスト""	""menu"""		
"Print Preview Tasks	""印刷プレビュ?""	""text"""		
"  ""Print Preview Tasks""	""印刷プレビュ?""	""dialog"""		
"Print Preview...	""印刷プレビュ?""	""menu"""		
"Print Tasklist	""タスクリストの印刷""	""dialog"""		
"Print Tasklist...	""タスクリストの印刷...""	""menu"""		
"Print Tasks	""タスクの印刷""	""text"""		
"Print...	""印刷...""	""menu"""		
"Priority	""優先度""	""checklistbox"""		
"  ""Priority""	""""	""label"""		
"  ""Priority""	""""	""menu"""		
"Project Name	""プロジェクト名の表示""	""text"""		
"Project	""プロジェクト""	""label"""		
"  ""Project""	""""	""text"""		
"Provide a space below each task for notes	""タスクの間に次の空行を入れる""	""checkbox"""		
"Proxy	""プロキシ?""	""label"""		
"Quick Find	""クイック?索""	""menu"""		
"Recalculate Time	""時間の再計算""	""text"""		
"Recalculate a task's 'Estimated time' whenever its start or due dates change	""開始時間や完了時間が?更されたら、見積もり時間を再計算する""	""checkbox"""		
"Recent Tasklists	""最近使ったタスクリスト""	""menu"""		
"Recently Modified	""最近の更新""	""menu"""		
"Recreate new task	""完了基準で新しいタスクを生成する""	""radiobutton"""		
"Recurrence Options	""繰り返しオプション""	""dialog"""		
"Recurrence	""繰り返し""	""checklistbox"""		
"  ""Recurrence""	""""	""label"""		
"  ""Recurrence""	""""	""menu"""		
"Recurring Task	""繰り返しタスク""	""dialog"""		
"Recurs	""繰返""	""text"""		
"Redo	""やり直す""	""menu"""		
"  ""Redo""	""""	""tooltip"""		
"Refresh Filter	""フィルタの更新""	""menu"""		
"Refresh my active 'Find Tasks' search	""現在の「タスクの?索」を更新する""	""checkbox"""		
"Refresh	""リフレッシュ""	""button"""		
"Relative to due/start date	""日時を相?的に指定する""	""radiobutton"""		
"Reload Tasklist	""タスクリストの再?み?み""	""menu"""		
"Reload it and notify me	""再?み?みし、通知する""	""combobox"""		
"Reload it without asking me	""確認なしに再?み?みする""	""combobox"""		
"Remaining Time	""?り時間""	""menu"""		
"Remind me	""リマインド時間（～前）：""	""label"""		
"Reminder	""リマインダ""	""menu"""		
"Remove Tasklist from Source Control	""소스 제어에서 작업 목록을 제거""	""menu"""		
"Remove archived tasks from the tasklist	""ア?カイブしたタスクをタスクリストから削除する""	""checkbox"""		
"Replace In Comments	""コメントの置換""	""text"""		
"Replace	""置き換え""	""button"""		
"  ""Replace""	""""	""label"""		
"Replace...	""置き換え...""	""menu"""		
"Reposition edit fields during resizing	""サイズ?更中に編集領域を再配置する""	""checkbox"""		
"Reserved (not editable)	""予約?（編集不可）""	""text"""		
"Reset Version Number	""バ?ジョン番?のリセット""	""menu"""		
"Reset creation date to today	""作成日をリセットして今日にする""	""checkbox"""		
"Reset to Default	""デフォルトに?す""	""text"""		
"Restart	""再?行""	""button"""		
"Restore previously open tasklists on startup	""起動時に前回開いていたタスクリストを復元する""	""checkbox"""		
"Restore tasklist filters when restarting ToDoList	""ToDoListを再起動したとき、タスクリスト フィルタを復元する""	""checkbox"""		
"Restoring tasklist(s)...	""タスクリストを?み?み中...""	""text"""		
"Results (%d found)	""結果（%d 個見つかりました）""	""text"""		
"Results	""結果""	""label"""		
"Reuse existing task	""元のタスクを再利用する""	""radiobutton"""		
"Reuse the existing task	""元のタスクを再利用する""	""combobox"""		
"Rich Text	""書式あり""	""combobox"""		
"Right align attribute labels	""右?えの?性ラベル""	""checkbox"""		
"Right of Tasklist	""タスクリストの右側""	""combobox"""		
"Right	""右""	""combobox"""		
"Risk	""リスク""	""checklistbox"""		
"  ""Risk""	""""	""label"""		
"  ""Risk""	""""	""menu"""		
"Round 'Time Estimate/Spent' to whole numbers	""見積時間/?過時間を整?に丸める""	""checkbox"""		
"Run Minimised	""最小化して?行""	""checkbox"""		
"Sample Task	""サンプルタスク""	""text"""		
"Sample Text	""サンプルSample""	""button"""		
"Save All Tasklists	""全てのタスクリストの保存""	""tooltip"""		
"Save All	""全て保存""	""menu"""		
"Save Search	""?索を保存""	""tooltip"""		
"Save Tasklist As	""タスクリストを次の形式で保存""	""dialog"""		
"Save Tasklist As...	""タスクリストを別名で保存...""	""menu"""		
"Save Tasklist	""タスクリストを保存""	""menu"""		
"  ""Save Tasklist""	""""	""tooltip"""		
"Save To	""別の場所に保存する""	""menu"""		
"Save passwords between sessions, for tasklists stored in other repositories (Open From..., Save To...)	""タスクリストを他の場所に記?する（「別の場所から開く」「別の場所に保存する」）ために、パスワ?ドを記?しておく""	""checkbox"""		
"Saving tasklist(s)...	""タスクリストを保存中...""	""text"""		
"Saving	""保存""	""label"""		
"Search	""?索""	""label"""		
"Select All	""全て選?""	""button"""		
"  ""Select All""	""""	""menu"""		
"Select Dictionary	""?書の選?""	""dialog"""		
"Select File	""ファイルの選?""	""dialog"""		
"Select Folder	""フォルダの選?""	""text"""		
"Select Next Task	""次のタスクを選?""	""menu"""		
"Select Next Top Level Task	""次の最上位階層のタスクを選?""	""menu"""		
"Select None	""ノ?トの選?""	""button"""		
"Select Preference File	""環境設定ファイルの選?""	""dialog"""		
"Select Previous Task	""前のタスクを選?""	""menu"""		
"Select Previous Top Level Task	""前の最上位階層のタスクを選?""	""menu"""		
"Select Task Icon	""タスクアイコンの選?""	""dialog"""		
"Select a category	""分類を選?""	""text"""		
"Select a name	""名前の選?""	""text"""		
"Select a status	""?態を選?""	""text"""		
"Select a tag	""タグを選?""	""text"""		
"Select your preferred display language	""言語の選?""	""label"""		
"Selected Task Alloc By	""選?されたタスクの割?元""	""menu"""		
"Selected Task Alloc To	""選?されたタスクの割?先""	""menu"""		
"Selected Task Comments	""選?されたタスクのコメント""	""menu"""		
"Selected Task External ID	""選?されたタスクの外部ID""	""menu"""		
"Selected Task File Link	""選?されたタスクのファイルリンク""	""menu"""		
"Selected Task ID	""選?されたタスクのID""	""menu"""		
"Selected Task Title	""選?されたタスクのタスク名""	""menu"""		
"Selected Task	""選?されたタスク""	""menu"""		
"Selected Tasks	""選?されたタスク""	""text"""		
"Selected task in active tasklist	""現在のタスクリストの選?されたタスク""	""radiobutton"""		
"Selected tasks only	""選?されたタスクのみ""	""radiobutton"""		
"Send Tasks	""タスクを送付""	""dialog"""		
"Send	""送付""	""label"""		
"Server	""サ?バ?""	""label"""		
"Set '% Complete' increment  to	""進?度(%)を上げるときの刻み量""	""label"""		
"Set Reminder	""リマインダの設定...""	""tooltip"""		
"Set Reminder...	""リマインダの設定...""	""menu"""		
"Set Task Colour...	""タスクの色の設定..""	""menu"""		
"Set Task Icon	""タスクアイコンの設定...""	""tooltip"""		
"Set Task Icon...	""タスクアイコンの設定...""	""menu"""		
"Set Task Priority	""優先度の設定""	""menu"""		
"Set Task Reminder	""リマインダの設定""	""dialog"""		
"Set focus to tasklist whenever ToDoList is activated	""ToDoListがアクティブになったときはいつでもタスクリストにフォ?カスする""	""checkbox"""		
"Set...	""設定...""	""button"""		
"Sets the focus to the tasklist	""タスクリストにフォ?カスする""	""text"""		
"Shortcut	""ショ?トカット""	""sysheader32"""		
"Show '% Complete' as a progress bar	""進?度(%)をプログレスバ?で表示する""	""checkbox"""		
"Show Project Name Field	""プロジェクト名の表示""	""menu"""		
"Show Tasks Due by Today	""今日までに期限のくるタスクを表示する""	""menu"""		
"Show Tasks Due	""期限を指定してタスクを表示""	""menu"""		
"Show ToDoList	""ToDoListを表示する""	""menu"""		
"Show all subtasks	""全てのサブタスクを表示""	""text"""		
"Show columns on the right of the task tree	""タスクツリ?の右側に欄を表示する""	""checkbox"""		
"Show comments even when tasklist is maximised	""タスクリストの最大表示の際であってもコメントを表示する""	""checkbox"""		
"Show default filters	""デフォルトのフィルタを表示する""	""checkbox"""		
"Show default task icons in icon selection dialog	""アイコン選?ダイアログにデフォルトのタスクアイコンを表示する""	""checkbox"""		
"Show gridlines	""ガイドラインを表示する""	""checkbox"""		
"Show menu item IDs	""メニュ?アイテムIDを表示する""	""checkbox"""		
"Show non-file links as text	""ファイルではないリンクをテキストで表示する""	""checkbox"""		
"Show parent tasks with a folder icon	""親タスクをフォルダアイコンで表示する""	""checkbox"""		
"Show task infotips	""タスクの情報チップを表示する""	""checkbox"""		
"Show task titles only	""タスク名のみ表示する""	""checkbox"""		
"Show tasklist close button on the menubar	""タスクリストの「閉じるボタン」をメニュ?バ?に表示する""	""checkbox"""		
"Show	""表示""	""label"""		
"Simple Text	""書式なし""	""combobox"""		
"Size	""サイズ""	""groupbox"""		
"Snooze	""スヌ?ズ""	""button"""		
"Sort By	""?び替え""	""menu"""		
"Sort Tasks	""タスクを?び替える""	""menu"""		
"  ""Sort Tasks""	""""	""tooltip"""		
"Sort by	""?替?象""	""label"""		
"Sortable	""?替可能""	""combobox"""		
"Sorting	""?び替え""	""label"""		
"Sounds (*.wav)|*.wav||	""サウンド (*.wav)|*.wav||""	""text"""		
"Specify a Version	""バ?ジョンの指定""	""text"""		
"Spell Check Task Comments	""コメントのスペルチェック""	""menu"""		
"Spell Check Task Title	""タスク名のスペルチェック""	""menu"""		
"Spell Check	""スペルチェック""	""menu"""		
"Spell Checking	""スペルチェック""	""dialog"""		
"Spent	""?過""	""text"""		
"Spent: %s	""?過: %s""	""text"""		
"Split Selected Task into Two (2) Equal Subtasks	""選?タスクを同じサブタスクに分離（2個）""	""menu"""		
"Split Selected Task into	""選?タスクを同じサブタスクに分離""	""menu"""		
"Split Task(s) into Two (2) Subtasks	""2 個のサブタスクに分離""	""menu"""		
"Split Task(s) into	""サブタスクに分離""	""menu"""		
"Spreadsheet (.csv)	""Spreadsheet (.csv)""	""combobox"""		
"Stack tab bar items	""タブバ?を?に?びきれないとき、2段以上で表示する""	""checkbox"""		
"Start Date	""開始日""	""checkbox"""		
"  ""Start Date""	""""	""menu"""		
"  ""Start Date""	""""	""label"""		
"Start Time	""開始時刻""	""label"""		
"Start	""開始""	""sysheader32"""		
"Start/Stop Tracking	""開始/停止""	""text"""		
"Started Tasks	""開始しているタスク""	""menu"""		
"Status	""?態""	""checklistbox"""		
"  ""Status""	""""	""menu"""		
"  ""Status""	""""	""label"""		
"Stickies|Stickies*.exe||	""Stickies|Stickies*.exe||""	""text"""		
"Strike-through completed tasks	""完了したタスクに取り消し線を追加する""	""checkbox"""		
"Strikethrough	""取り消し線""	""menu"""		
"Style	""スタイル""	""groupbox"""		
"Stylesheet (*.xsl)|*.xsl||	""スタイルシ?ト (*.xsl)|*.xsl||""	""text"""		
"Stylesheet	""スタイルシ?ト""	""label"""		
"Tabular	""表""	""radiobutton"""		
"Tags	""タグ""	""label"""		
"  ""Tags""	""""	""menu"""		
"Take a task's '% Complete' into account when calculating time estimates	""見積時間を計算するとき、タスクの完了度 (%) を考慮する""	""checkbox"""		
"Task Attribute...	""タスクの?性""	""sysheader32"""		
"Task Colouring	""タスクの色""	""label"""		
"Task Comments	""タスク コメント""	""label"""		
"  ""Task Comments""	""""	""menu"""		
"Task Dependency (full)	""タスクのID番?（フルパス）""	""menu"""		
"Task Dependency	""タスクのID番?""	""menu"""		
"Task ID / Parent ID	""タスクID / 親ID""	""checklistbox"""		
"Task ID	""タスクID""	""combobox"""		
"  ""Task ID""	""タスクID""	""menu"""		
"Task Link (full)	""タスクリンク（フルパス）""	""menu"""		
"Task Link	""タスクリンク""	""menu"""		
"Task Path	""タスクパス""	""menu"""		
"Task Reminder	""タスクのリマインダ""	""dialog"""		
"Task Title	""タスク名""	""menu"""		
"Task Tree	""タスクツリ?""	""menu"""		
"  ""Task Tree""	""""	""systabcontrol32"""		
"Task	""タスク""	""sysheader32"""		
"  ""Task""	""""	""label"""		
"Tasklist (*.tdl, *.xml)|*.tdl;*.xml|Unicode Tasklist (*.tdl, *.xml)|*.tdl;*.xml||	""タスクリスト (*.tdl"	 *.xml)|*.tdl;*.xml|Unicode タスクリスト (*.tdl	" *.xml)|*.tdl;*.xml||""	""text"""
"Tasklist (*.tdl, *.xml)|*.tdl;*.xml||	""タスクリスト (*.tdl"	" *.xml)|*.tdl;*.xml||""	""text"""	
"Tasklist (*.xml)|*.xml|Unicode Tasklist (*.xml)|*.xml||	""タスクリスト (*.xml)|*.xml|Unicode タスクリスト (*.xml)|*.xml||""	""text"""		
"Tasklist (*.xml)|*.xml||	""タスクリスト (*.xml)|*.xml||""	""text"""		
"Tasklist File Title	""タスクリストファイルタイトル""	""menu"""		
"Tasklist Filename	""タスクリストのファイル名""	""menu"""		
"Tasklist Folder	""タスクリストのフォルダ""	""menu"""		
"Tasklist Pathname	""タスクリストのパス名""	""menu"""		
"Tasklist Tab Bar	""タスクリスト タブバ?""	""label"""		
"  ""Tasklist Tab Bar""	""""	""menu"""		
"Tasklist file version	""タスクリストのファイル バ?ジョン""	""text"""		
"Tasklist font	""タスクリストのフォント""	""checkbox"""		
"Tasklist	""タスクリスト""	""menu"""		
"Tasks	""タスク""	""groupbox"""		
"Tasks>Attribute Calculations	""タスク>?性の取り扱い""	""text"""		
"Tasks>Time Periods	""タスク>時間の周期""	""text"""		
"Tasks>Time Tracking	""タスク>時間の計測""	""text"""		
"Test Tool	""ツ?ルをテストする""	""button"""		
"Text	""テキスト""	""groupbox"""		
"  ""Text""	""""	""menu"""		
"The active tasklist	""現在のタスクリスト""	""combobox"""		
"The earliest of its due date and all its subtasks' due dates	""そのタスクと全てのサブタスクの期日のうち、最も早い日""	""radiobutton"""		
"The earliest of its start date and all its subtasks' start dates	""そのタスクと全てのサブタスクの開始日のうち、最も早い日""	""radiobutton"""		
"The following days represent the weekend	""週末とみなす曜日""	""label"""		
"The following tasks are due by the end of next month	""?月末までに期限がくるタスク""	""text"""		
"The following tasks are due by the end of next week	""?週末までに期限がくるタスク""	""text"""		
"The following tasks are due by the end of this month	""今月末までに期限がくるタスク""	""text"""		
"The following tasks are due by the end of this week	""今週末までに期限がくるタスク""	""text"""		
"The following tasks are due today	""今日までに期限がくるタスク""	""text"""		
"The following tasks are due tomorrow	""明日までに期限がくるタスク""	""text"""		
"The latest of its due date and all its subtasks' due dates	""そのタスクと全てのサブタスクの期日のうち、最も?い日""	""radiobutton"""		
"The latest of its start date and all its subtasks' start dates	""そのタスクと全てのサブタスクの開始日のうち、最も?い日""	""radiobutton"""		
"The selected file could not be opened.\n\nPlease check that the file exists and that there is an application \nregistered for opening the selected file type.	""選?されたファイルを開くことができません。\n\nファイルが存在するか確認し、選?されファイルタイプを開くように?連付けられたアプリケ?ションがあるか確認してください。""	""text"""		
"The tasklist '%s' is password protected.\n\nPlease enter the required password below.	""タスクリスト '%s' はパスワ?ドでプロテクトされています。\n\n下にパスワ?ドを入力してください。""	""text"""		
"The	""曜日指定""	""radiobutton"""		
"Theme Files (*.xml)|*.xml||	""テ?マ ファイル (*.xml)|*.xml||""	""text"""		
"Then by	""次の?象""	""label"""		
"There are no tasks matching the selected filter	""該?するタスクが見つかりませんでした""	""text"""		
"This tasklist contains no tasks	""このタスクリストにはタスクがありません""	""text"""		
"Three (3) Equal Subtasks	""3個のサブタスク""	""menu"""		
"Three (3) Subtasks	""3 個のサブタスク""	""menu"""		
"Time Est	""時間見積り""	""text"""		
"Time Estimate	""見積時間""	""label"""		
"  ""Time Estimate""	""""	""menu"""		
"Time Periods	""時間の周期""	""label"""		
"Time Spent	""?過時間""	""label"""		
"  ""Time Spent""	""""	""menu"""		
"  ""Time Spent""	""""	""combobox"""		
"Time Tracking	""時間の計測""	""label"""		
"  ""Time Tracking""	""""	""menu"""		
"Time Units	""時間?位""	""text"""		
"Time estimate - Time spent	""見積時間 － ?過時間""	""radiobutton"""		
"Time estimate x ( 1 - % Completion)	""見積時間×(1-進?度(%)）""	""radiobutton"""		
"Time	""時刻""	""label"""		
"Title or Comments	""タイトル、またはコメント""	""text"""		
"Title	""タスク名""	""combobox"""		
"  ""Title""	""タスク名""	""label"""		
"  ""Title""	""""	""menu"""		
"Titles and comments	""タイトルとコメント""	""radiobutton"""		
"Titles only	""タイトルのみ""	""radiobutton"""		
"To	""割?先""	""label"""		
"ToDoList (.tdl)	""ToDoList (.tdl)""	""combobox"""		
"ToDoList (c) AbstractSpoon	""ToDoList (c) AbstractSpoon""	""text"""		
"ToDoList Language Selection	""ToDoList 言語の選?""	""dialog"""		
"ToDoList License	""ToDoList ライセンス""	""menu"""		
"ToDoList Pathname	""ToDoList パス名""	""menu"""		
"ToDoList Preferences	""ToDoList 環境設定""	""dialog"""		
"ToDoList Setup	""ToDoList セットアップ""	""dialog"""		
"ToDoList Wiki	""ToDoList Wiki""	""menu"""		
"ToDoList has the following keyboard shortcuts enabled	""次のキ?ボ?ド ショ?トカットキ?がToDoListで有?です""	""label"""		
"ToDoList is freeware licensed under an <a href=%s>Eclipse Public License 1.0</a>.	""ToDoList is freeware licensed under an <a href=%s>Eclipse Public License 1.0</a>.""	""text"""		
"ToDoList is updating your preferences. \nPlease wait...	""環境設定の更新中\nしばらくお待ちください""	""label"""		
"ToDoList supports the following commandline options	""ToDoList は以下のコマンドラインオプションをサポ?トしています。""	""label"""		
"Today	""今日""	""menu"""		
"  ""Today""	""""	""radiobutton"""		
"Today's Date	""今日の日付""	""menu"""		
"Today's date	""今日の日付""	""checkbox"""		
"TodoList (.tdl)	""TodoList (.tdl)""	""combobox"""		
"Toggle Checkout	""チェックアウト?態の切替""	""tooltip"""		
"Toggle Filter	""フィルタ切り替え""	""menu"""		
"Toggle Task Completion	""完了?態の切り替え""	""menu"""		
"Toggle Task Expanded State	""展開?態の切り替え""	""menu"""		
"Toggle Task Flag	""タスクフラグの切り替え""	""menu"""		
"Toggle between Task Tree and List View	""切り替え（タスクツリ?⇔リストビュ?）""	""menu"""		
"Toggle between Tasks and Comments	""切り替え（タスク⇔コメント）""	""menu"""		
"Toggle visibility on clicking the tray icon	""トレイアイコンのクリックで表示?態を切り替える""	""checkbox"""		
"Tomorrow	""明日""	""menu"""		
"Tool Name	""ツ?ル名""	""sysheader32"""		
"Toolbar	""ツ?ルバ?""	""label"""		
"  ""Toolbar""	""""	""menu"""		
"Tools	""도구""	""menu"""		
"Top of active tasklist	""現在のタスクリストの一番上""	""radiobutton"""		
"Track Time Spent	""?過時間の計測""	""menu"""		
"Track Time	""時間計測""	""text"""		
"Tracking a new task should stop the tracking of tasks in all other open tasklists	""新しいタスクの時間計測を始めたとき、他の全ての開いているタスクリストの時間計測を止める""	""checkbox"""		
"Transform Tasklist	""タスクリストの?換""	""dialog"""		
"TrayIcon	""トレイ アイコン""	""menu"""		
"Treat completed tasks as having the lowest priority/risk	""完了したタスクについては、優先度やリスクが最低であると扱う""	""checkbox"""		
"Treat due tasks as having the highest priority	""期限のきたタスクについては、最高の優先度であると扱う""	""checkbox"""		
"Treat tasks whose subtasks are all completed as also being 'completed'	""全てのサブタスクが完了したら、そのタスクが完了したと扱う""	""checkbox"""		
"Two (2) Equal Subtasks	""2個のサブタスク""	""menu"""		
"Two (2) Subtasks	""2 個のサブタスク""	""menu"""		
"Type a category	""分類を入力""	""text"""		
"Type a descriptive name for your tasklist	""タスクリスト名を入力""	""text"""		
"Type a name	""名前を入力""	""text"""		
"Type a status	""?態を入力""	""text"""		
"Type a tag	""タグを入力""	""text"""		
"Type a task ID	""タスクIDを入力""	""text"""		
"Type an ID	""IDを入力""	""text"""		
"Type new shortcut key	""新しいショ?トカットキ?を入力""	""label"""		
"Type some comments	""コメントを入力""	""text"""		
"Uncompleted tasks	""完了していないタスク""	""checkbox"""		
"Undo	""元に?す""	""menu"""		
"  ""Undo""	""""	""tooltip"""		
"Unique ID	""識別ID""	""label"""		
"Unless they are flagged	""フラグ付きタスクを除く""	""checkbox"""		
"Unsorted	""?び替えない""	""menu"""		
"Update Filter	""フィルタの更新""	""text"""		
"Update all tasklists when the comments field is resized	""コメント領域のサイズが?更されたら、全てのタスクリストを更新する""	""checkbox"""		
"Updating ToDoList Preferences	""ToDoListの環境設定を更新中""	""dialog"""		
"Use '%s' to switch tasklists	""タスクリストの切替に '%s' を使う""	""text"""		
"Use 'No' colour	""色をつけない""	""radiobutton"""		
"Use HSL to calculate intermediate colours	""中間色を計算するのに HSL を使う""	""checkbox"""		
"Use a task's colour for its title background	""タスクの色をタスク名の背景色として使う""	""checkbox"""		
"Use default colours	""デフォルトの色を使う""	""radiobutton"""		
"Use same font for comments field also	""同じフォントをコメント領域にも使う""	""checkbox"""		
"Use spaces for indenting	""インデントに空白文字を使う""	""radiobutton"""		
"Use tabs for indenting	""インデントにタブを使う""	""radiobutton"""		
"Use the following colour theme	""次のテ?マを使う（XPかそれ以降）""	""checkbox"""		
"Use the following stylesheet	""次のスタイルシ?トを使う""	""checkbox"""		
"Use this colour	""色を指定する""	""radiobutton"""		
"User Defined Tools	""ユ?ザ定義ツ?ル""	""menu"""		
"User Filepath	""ユ?ザ?ファイルパス""	""menu"""		
"User Folder	""ユ?ザ?フォルダ""	""menu"""		
"User Interface>Column Selection	""ユ?ザ?インタ?フェ?ス>欄の選?""	""text"""		
"User Interface>Fonts and Colours	""ユ?ザ?インタ?フェ?ス>フォントと色""	""text"""		
"User Interface>General	""ユ?ザ??インタ?フェ?ス>全般""	""text"""		
"User Interface>General>Filtering	""ユ?ザ??インタ?フェ?ス>全般>フィルタリング""	""text"""		
"User Interface>General>Sorting	""ユ?ザ??インタ?フェ?ス>全般>?び替え""	""text"""		
"User Interface>General>Task Comments	""ユ?ザ??インタ?フェ?ス>全般>タスクのコメント""	""text"""		
"User Interface>General>Toolbar	""ユ?ザ??インタ?フェ?ス>全般>ツ?ルバ?""	""text"""		
"User Interface>Tasklist Attributes	""ユ?ザ??インタ?フェ?ス>タスクリストの?性""	""text"""		
"User Text	""ユ?ザ?テキスト""	""menu"""		
"Username	""ユ?ザ名""	""label"""		
"Using the following stylesheet	""次のスタイルシ?トを使う""	""checkbox"""		
"Value	""値""	""sysheader32"""		
"Ver.	""Ver.""	""text"""		
"Version	""バ?ジョン""	""checklistbox"""		
"  ""Version""	""""	""menu"""		
"  ""Version""	""""	""label"""		
"View Dependency	""依存を表示""	""text"""		
"View	""表示""	""menu"""		
"Visible columns only	""表示されている欄のみ""	""radiobutton"""		
"W	""週""	""text"""		
"W(eeks)	""週""	""menu"""		
"Web Page (.html)	""Web ペ?ジ (.html)""	""combobox"""		
"Week(s)	""週""	""combobox"""		
"Weekly	""週?位で指定""	""radiobutton"""		
"Weeks	""週末の色""	""text"""		
"Weeks, mid	""週（中）""	""combobox"""		
"Weight % completion by number of subtasks	""サブタスクの完了度 (%) で重み付けして計算する""	""checkbox"""		
"What Matched	""一致したデ?タ""	""sysheader32"""		
"When I complete this task	""繰り返しタスクの生成方法：""	""label"""		
"When Switching Tasklists	""タスクリストを切り替えるとき""	""label"""		
"When filtering by 'Title', match on	""「タスク名」でフィルタをかけたときの?索?象""	""label"""		
"Window	""ウィンドウ""	""menu"""		
"Windows Clipboard	""Windows のクリップボ?ド""	""radiobutton"""		
"Windows registry	""Windows レジストリ""	""radiobutton"""		
"With	""→""	""label"""		
"WordWrap	""ワ?ドラップ""	""menu"""		
"Would you like to recalculate the task time in the new units?	""新しい?位でタスクの時間を計算し直しますか？""	""text"""		
"Would you like to save the changes to '%s' \nbefore closing?	""閉じる前に '%s' への?更を保存しますか？""	""text"""		
"Wrapped	""折り返し""	""radiobutton"""		
"Y	""年""	""text"""		
"Y(ears)	""年""	""menu"""		
"Yearly	""?年""	""radiobutton"""		
"Yes	""Yes""	""button"""		
"Yes, I want to be able to share some of my tasklists	""いくつかのタスクリストをシェアする""	""radiobutton"""		
"Yes, hide attributes and menu items for hidden columns	""非表示の欄に?して、?性とメニュ?項目を?す""	""radiobutton"""		
"Yes, please	""はい""	""radiobutton"""		
"a screensaver is running or the desktop is locked	""スクリ?ンセ?バ?が動作しているか、デスクトップがロックされているとき""	""checkbox"""		
"all open tasklists	""全ての開いているタスクリスト""	""combobox"""		
"archive	""ア?カイブ""	""text"""		
"as a tasklist	""タスクリストとして""	""combobox"""		
"as text in the email body	""電子メ?ル本文にテキストとして""	""combobox"""		
"characters	""文字""	""label"""		
"day(s) after previous task is completed	""日後（元のタスクの完了から）""	""label"""		
"day(s)	""日ごと""	""label"""		
"days	""日""	""label"""		
"does not equal	""次の値に等しくない""	""text"""		
"does not include	""次の値を含まない""	""text"""		
"equals	""次の値に等しい""	""text"""		
"fifth	""第5""	""combobox"""		
"first	""第1""	""combobox"""		
"fourth	""第4""	""combobox"""		
"from completion date	""完了日""	""combobox"""		
"from due date	""期日""	""combobox"""		
"from start date	""開始日""	""combobox"""		
"hours	""時間""	""label"""		
"iCalendar (.ics)	""iCalendar (.ics)""	""combobox"""		
"includes	""次の値を含む""	""text"""		
"is due	""タスクの期限""	""combobox"""		
"is not set	""次の値が設定されていない""	""text"""		
"is set	""次の値が設定されている""	""text"""		
"last	""最終""	""combobox"""		
"line(s)	""行""	""label"""		
"m	""m""	""text"""		
"m(inutes)	""m（分）""	""menu"""		
"minutes	""分""	""label"""		
"month(s) after previous task is completed	""か月後（元のタスクの完了から）""	""label"""		
"month(s)	""か月ごと""	""label"""		
"most recent backups	""個のバックアップを保持する""	""label"""		
"of every	""日。""	""label"""		
"of	""。""	""label"""		
"pixels	""ピクセル""	""label"""		
"second	""第2""	""combobox"""		
"space(s)	""スペ?ス""	""label"""		
"starts	""タスクの開始""	""combobox"""		
"tab	""タブ""	""combobox"""		
"the Close button is selected	""閉じるボタンが選?されたとき""	""combobox"""		
"the Minimise button is selected	""最小化ボタンが選?されたとき""	""combobox"""		
"the Minimise or Close button is selected	""最小化ボタンまたは閉じるボタンが選?されたとき""	""combobox"""		
"the active tasklist	""現在のタスクリスト""	""combobox"""		
"the computer is hibernated or in stand-by	""コンピュ?タが休止?態あるいはスタンバイ?態のとき""	""checkbox"""		
"the task is not selected	""?象のタスクが選?されていないとき""	""checkbox"""		
"the tasklist containing the task is not active	""?象のタスクがあるタスクリストがアクティブでないとき""	""checkbox"""		
"third	""第3""	""combobox"""		
"to	""～""	""label"""		
"untitled	""名?未設定""	""text"""		
"week(s) after previous task is completed	""週間後（元のタスクの完了から）""	""label"""		
"week(s) on	""週間ごと。次の曜日。""	""label"""		
